"","Player.Name","Player.ID","Salary","PTS","REB","AST","BLK","WAR","PER","WS","WS.48","BPM","VORP","eFG","OR.","TO.","FTr","Usage","Rookie.Scale.","Max","Age","Under.27","X27.33","Over.33","salary_pred","salary_diff"
"1","Steven Adams","adamsst01",25842697,615,526,139,62,3.3,20.8,5.9,0.2,3.1,1.9,0.593,14.4,14.1,0.4,17.2,0,1,26,1,0,0,14917853.1444145,1.39941259120193
"2","Bam Adebayo","adebaba01",3454080,996,650,313,80,4.9,20.5,7.7,0.2,3.6,3,0.568,8.7,17.5,0.5,20.8,1,0,22,1,0,0,24376848.7775343,-2.54595443912827
"3","LaMarcus Aldridge","aldrila01",26000000,977,390,127,83,1.8,19.9,4.5,0.1,1.4,1.5,0.532,6.3,7.8,0.2,23.6,0,1,34,0,0,1,19872176.2101886,0.667237760503473
"4","Nickeil Alexander-Walker","alexani01",2964840,211,80,74,7,-0.5,7.6,-0.4,0,-4.9,-0.4,0.427,1.7,14.3,0.1,22.8,1,0,21,1,0,0,10774263.6954413,-0.542134895473828
"5","Grayson Allen","allengr01",2429400,221,66,43,1,0.1,11.4,0.7,0.1,-2.6,-0.1,0.543,1.1,10.7,0.2,17.9,1,0,24,1,0,0,6804824.23586871,-0.00147859569231901
"6","Jarrett Allen","allenja01",2376840,655,584,83,83,3.9,20.4,6.8,0.2,2.1,1.6,0.646,12.5,12.2,0.6,15,1,0,21,1,0,0,12051770.5911315,-0.801504936411494
"7","Al-Farouq Aminu","aminual01",9258000,78,87,21,8,0,7.7,0.1,0,-3.2,-0.1,0.343,6.6,14.7,0.3,13.2,0,0,29,0,1,0,8206653.1571376,0.553056074841266
"8","Kyle Anderson","anderky01",9073050,314,243,122,27,1.3,13,2.1,0.1,0.3,0.6,0.521,5.1,15.1,0.2,13.3,0,0,26,1,0,0,9620429.49372077,0.318315300884562
"9","Ryan Anderson","anderry01",5214583,5,7,2,0,0,9.5,0,0,-3.3,0,0.357,0,12.5,0,23.6,0,0,31,0,1,0,15069729.4472985,-0.939656782275751
"10","Giannis Antetokounmpo","antetgi01",25842697,1658,772,323,58,9.5,31.8,10.3,0.3,11.4,5.9,0.583,7.8,13.1,0.5,37.4,0,1,25,1,0,0,42900184.3149166,-2.83571152162658
"11","Thanasis Antetokounmpo","antetth01",1445697,36,13,6,1,0.1,13,0.1,0.1,-4,0,0.528,12.4,20.5,0.4,23.8,0,0,27,1,0,0,8125994.14153974,-0.311885762760898
"12","Carmelo Anthony","anthoca01",2159029,727,302,69,21,-2,12.2,1,0,-3.8,-0.7,0.479,4,10.5,0.2,21.6,0,0,35,0,0,1,14265290.675672,-1.1609764443485
"13","OG Anunoby","anunoog01",2281800,656,334,98,41,2.2,13.4,5,0.1,1.2,1.5,0.584,4.2,11.7,0.2,14.4,1,0,22,1,0,0,11574801.3098802,-0.739986563750125
"14","Ryan Arcidiacono","arcidry01",3000000,261,110,96,3,1.6,9,1.3,0.1,-2.8,-0.2,0.532,2.3,13.5,0.2,12.5,1,0,25,1,0,0,5037829.01780736,0.33002183613099
"15","Trevor Ariza","arizatr01",12200000,379,228,86,14,1.3,10.8,2.4,0.1,-0.5,0.5,0.557,2.5,13.6,0.2,11.9,0,0,34,0,0,1,10499705.2461197,0.536324588919059
"16","D.J. Augustin","augusdj01",7250000,453,102,211,1,0.6,13.5,2.1,0.1,-1.8,0.1,0.469,1.5,12.9,0.4,19.1,0,0,32,0,1,0,12372186.372926,-0.302851300174572
"17","Deandre Ayton","aytonde01",9562920,570,360,57,51,2,20.4,2.5,0.1,0.4,0.6,0.548,13.5,12.4,0.2,24.3,1,0,21,1,0,0,11872644.7587439,0.0324442706181724
"18","Dwayne Bacon","bacondw01",1618520,224,100,52,2,-1,6.1,-0.7,-0.1,-6.9,-0.8,0.387,2.3,12.2,0.2,19.5,1,0,24,1,0,0,9075426.02622228,-0.436178003715921
"19","Marvin Bagley","baglema01",8556120,185,97,10,12,-0.3,15.8,0.4,0.1,-3.4,-0.1,0.479,9.5,9.1,0.2,25.9,1,0,20,1,0,0,8025978.40882192,0.501595520629879
"20","Lonzo Ball","balllo01",8719320,661,334,376,29,1.8,13.7,2.4,0.1,0.9,1.3,0.523,3.6,20.7,0.1,18.6,1,0,22,1,0,0,16731970.6595142,-0.797732108735723
"21","Mo Bamba","bambamo01",5697600,319,285,39,84,1.4,17.7,2.4,0.1,0.5,0.5,0.534,11.7,12.2,0.2,17.2,1,0,21,1,0,0,7360406.5059735,0.281380945325996
"22","J.J. Barea","bareajo01",2564753,189,45,91,2,1.1,16.3,0.7,0.1,0.3,0.2,0.494,2.7,15.8,0.1,24.3,0,0,35,0,0,1,14971869.1925644,-1.22236318986213
"23","Harrison Barnes","barneha02",24147727,912,296,148,9,2.3,13.2,4,0.1,-1.3,0.4,0.524,3,8.9,0.3,17.6,0,0,27,1,0,0,11977826.713431,1.65407760961378
"24","RJ Barrett","barrerj01",7839960,732,261,133,16,-1.4,10.4,-0.6,0,-4.4,-1,0.445,3,12.9,0.3,24,1,0,19,1,0,0,11400180.6230615,-0.0894987741558769
"25","Will Barton","bartowi01",12960000,816,345,203,26,5.2,15.4,4.1,0.1,1,1.4,0.523,4.4,9.9,0.2,20,0,0,29,0,1,0,16956138.8467963,-0.355524979692254
"26","Keita Bates-Diop","bateske01",1416852,258,112,30,21,-0.6,12.6,1.1,0.1,-0.8,0.2,0.502,3.2,5.5,0.3,15.6,1,0,24,1,0,0,5831780.8511811,0.0321046203100419
"27","Nicolas Batum","batumni01",25565217,79,100,66,8,1.3,9.1,0.6,0.1,-1.9,0,0.432,5.2,20.5,0.1,9.4,0,1,31,0,1,0,7510373.35515146,2.48937931169001
"28","Aron Baynes","baynear01",5453280,413,212,64,20,0.7,14.7,1.8,0.1,-1,0.2,0.558,8.3,10.8,0.2,21.1,0,0,33,0,0,1,11160904.6527778,-0.321255972250186
"29","Kent Bazemore","bazemke01",19269662,534,264,80,39,2.1,9,0.6,0,-3.2,-0.5,0.453,1.6,13.2,0.3,17.2,0,0,30,0,1,0,12457560.2936135,1.03377069285779
"30","Darius Bazley","bazleda01",2284800,238,196,29,35,-0.1,8.2,0.3,0,-2.4,-0.1,0.448,2.7,13.8,0.2,14.1,1,0,19,1,0,0,7501599.47370644,-0.123170880803086
"31","Bradley Beal","bealbr01",27093019,1644,233,330,19,3.2,23.1,4.8,0.1,2.8,2.3,0.52,2.7,11.4,0.4,34.4,0,1,26,1,0,0,25370872.6599805,-0.0422676492998471
"32","Malik Beasley","beaslma01",2731714,560,132,73,8,1,12.7,1.4,0.1,-1.8,0,0.525,1.6,9.2,0.1,21.8,1,0,23,1,0,0,9851720.0537659,-0.42868288728758
"33","Marco Belinelli","belinma01",5846154,285,86,63,1,-0.5,9.7,0.4,0,-3.4,-0.3,0.496,0.6,5.2,0.2,17,0,0,33,0,0,1,8273374.57408308,0.159882626563199
"34","Jordan Bell","belljo01",1620564,93,81,16,10,0.3,14,0.4,0.1,-2.5,0,0.552,12,20.7,0.5,16.4,1,0,25,1,0,0,4593568.63993406,0.242380334024749
"35","DeAndre' Bembry","bembrde01",2603982,249,152,81,19,0.4,9.6,0.2,0,-2.4,-0.1,0.489,4,19.4,0.2,14,1,0,25,1,0,0,8304128.8598421,-0.208796545178571
"36","Dragan Bender","bendedr01",1678854,74,63,24,9,0.1,7.9,0.1,0,-4.6,-0.2,0.527,5.9,17.6,0.2,17.7,1,0,22,1,0,0,5825057.70423074,0.0625392226575191
"37","DƒÅvis BertƒÅns","bertada01",7000000,781,238,88,33,4.1,15.6,3.3,0.1,1,1.1,0.598,2.3,8.2,0.2,19,1,0,27,1,0,0,12331376.3282391,-0.324744196595122
"38","Patrick Beverley","beverpa01",12345679,363,252,176,25,4.5,12.5,3.4,0.1,2.2,1.3,0.543,4.6,15.7,0.1,13,0,0,31,0,1,0,12700881.2069929,0.219533285117718
"39","Khem Birch","birchkh01",3000000,153,180,35,21,0.4,10.2,1.5,0.1,-3,-0.2,0.487,9.3,13.7,0.6,9.3,1,0,27,1,0,0,3121591.31946219,0.620044294686111
"40","Goga Bitadze","bitadgo01",2816760,148,94,21,31,-0.6,12.2,0.6,0.1,-2.5,0,0.496,6,14.8,0.3,18.1,1,0,20,1,0,0,6439890.10701197,0.0972461594894471
"41","Bismack Biyombo","biyombi01",17000000,381,300,48,47,0.1,16.2,2.3,0.1,-2.6,-0.1,0.543,12.3,12.2,0.5,16.8,0,0,27,1,0,0,7036776.67338017,1.59937290525814
"42","Nemanja Bjelica","bjeline01",6825000,735,399,175,32,3.5,15.6,4.7,0.1,1.6,1.6,0.579,6.5,12.6,0.1,17.4,0,0,31,0,1,0,16359068.37917,-0.953983788329378
"43","Eric Bledsoe","bledser01",15625000,826,252,292,25,4.3,18.3,5.3,0.2,2.4,1.6,0.535,2.8,15.8,0.3,24,0,0,30,0,1,0,20044435.5428226,-0.523717687860941
"44","Bogdan Bogdanoviƒá","bogdabo01",8529386,731,162,159,12,1.8,14,2.1,0.1,0.1,0.8,0.541,1.2,11.5,0.2,22.3,1,0,27,1,0,0,14195072.7115855,-0.435098164568962
"45","Bojan Bogdanoviƒá","bogdabo02",17000000,1230,249,126,7,3.3,16,4.3,0.1,0.4,1.2,0.548,2.2,13.1,0.3,25.6,0,0,30,0,1,0,19202384.4026804,-0.241891081206504
"46","Jonah Bolden","boldejo01",1698450,10,9,0,2,-0.1,4.9,0,0,-8.9,-0.1,0.364,7,13.6,0.4,13.4,1,0,24,1,0,0,4825672.10761637,0.215996370871448
"47","Isaac Bonga","bongais01",1416852,256,183,61,20,2.1,10.6,1.6,0.1,-2.5,-0.1,0.582,6.3,16.2,0.3,10.3,1,0,20,1,0,0,2239866.98251095,0.575740564853654
"48","Devin Booker","bookede01",27250000,1531,242,379,14,4.1,19.7,5.7,0.1,1.7,2,0.543,1.3,15.7,0.4,29.5,0,1,23,1,0,0,22469206.7177272,0.414524822827272
"49","Chris Boucher","bouchch01",1588231,348,242,23,52,2,20.1,3.3,0.2,1.6,0.7,0.512,14,7,0.4,19.4,1,0,27,1,0,0,8141604.59546707,-0.298244974869281
"50","Avery Bradley","bradlav01",4767000,387,107,58,5,0.4,9.1,1.6,0.1,-2.4,-0.1,0.526,1.7,10.7,0.1,15.7,0,0,29,0,1,0,7720701.2793861,0.122364468211544
"51","Tony Bradley","bradlto01",1962360,214,200,15,20,1,21.2,2.4,0.2,0.9,0.4,0.668,19.3,11.8,0.3,16.1,1,0,22,1,0,0,-231482.071310253,1.01102762768763
"52","Ignas Brazdeikis","brazdig01",898310,17,5,4,1,-0.3,3.3,-0.1,-0.1,-9,-0.1,0.295,3.9,7.6,0.2,21,1,0,21,1,0,0,9131738.68815365,-0.525564643301395
"53","Mikal Bridges","bridgmi01",4161000,518,239,107,36,3.5,12.7,3.8,0.1,1,1.2,0.585,3.6,12.5,0.3,12.4,1,0,23,1,0,0,8696961.80219027,-0.0934329561788328
"54","Miles Bridges","bridgmi02",3755400,813,347,107,46,-0.6,12.4,1.7,0,-2.3,-0.1,0.489,4.6,10.5,0.2,20,1,0,21,1,0,0,11655979.8537703,-0.586820104852482
"55","Ryan Broekhoff","broekry01",1443842,71,43,11,4,0.4,13.1,0.4,0.1,0.8,0.1,0.542,3,8.8,0.1,16.3,1,0,29,0,1,0,6181888.79232809,-0.0178538125968457
"56","Malcolm Brogdon","brogdma01",20000000,784,226,343,8,2.4,17.8,3.5,0.1,1.6,1.3,0.485,3,13.6,0.2,25.2,1,0,27,1,0,0,18952112.4206677,0.13282149826172
"57","Dillon Brooks","brookdi01",1618520,971,204,123,25,0.8,11.3,1,0,-4.3,-1,0.474,3.5,9.7,0.2,25,1,0,24,1,0,0,10788347.92598,-0.695428628578198
"58","Bruce Brown","brownbr01",1416852,496,265,217,29,2.3,11.9,2.1,0.1,-1.2,0.3,0.48,4.2,16.7,0.3,16,1,0,23,1,0,0,11357344.0273425,-0.804189028769039
"59","Jaylen Brown","brownja02",6534829,1022,318,109,16,2.8,17.1,4.5,0.1,0.9,1.3,0.559,3.4,11.8,0.3,24.7,1,0,23,1,0,0,17385251.9441778,-1.14187642098431
"60","Sterling Brown","brownst02",1618520,207,159,43,6,0.6,9.2,1,0.1,-2.2,0,0.45,4.4,13.4,0.2,16.7,1,0,24,1,0,0,9016272.58942345,-0.427225134670918
"61","Troy Brown","browntr01",3219480,567,309,135,5,1.3,13.9,2.1,0.1,-1.2,0.3,0.502,4.4,10.5,0.2,17,1,0,20,1,0,0,9982985.78373357,-0.393784567884518
"62","Jalen Brunson","brunsja01",1416582,466,134,188,4,2.5,15,2.3,0.1,-0.8,0.3,0.522,2.3,13.6,0.2,20.4,1,0,23,1,0,0,10703991.5341056,-0.70533448389368
"63","Thomas Bryant","bryanth01",7936508,433,240,69,32,-0.3,20.3,2.6,0.2,1.3,0.7,0.635,8.8,12.1,0.3,18.3,1,0,22,1,0,0,7293501.47815037,0.542887077593017
"64","Reggie Bullock","bullore01",4000000,224,63,37,1,0.5,9.6,0.5,0,-3,-0.2,0.484,2,7.5,0.1,15.6,0,0,28,0,1,0,6237013.86204118,0.260803259992017
"65","Trey Burke","burketr01",2028594,147,35,53,1,0.6,15.4,0.9,0.1,-0.5,0.1,0.528,5,8.2,0.1,19.3,0,0,27,1,0,0,6442517.87873637,0.00835476256767187
"66","Alec Burks","burksal01",2320044,873,254,166,17,1.7,15.9,2.9,0.1,-0.3,0.6,0.475,2.8,9.5,0.4,23.8,0,0,28,0,1,0,16445299.5286972,-1.47284221261884
"67","Deonte Burton","burtode02",1416852,92,47,11,10,-0.6,5.9,-0.3,0,-5.8,-0.3,0.419,2.4,11.3,0.1,19.3,1,0,26,1,0,0,9034252.509348,-0.452589269470305
"68","Jimmy Butler","butleji01",32742000,1056,351,325,29,8.1,23.4,8.1,0.2,5.3,3.3,0.474,6.2,11.2,0.7,25.2,0,1,30,0,1,0,25507394.8248113,0.57132588683667
"69","Bruno Caboclo","cabocbr01",1845301,68,49,11,14,0.2,12.6,0.3,0.1,-1.9,0,0.442,10.6,10.2,0.1,16.7,0,0,24,1,0,0,3978493.99899853,0.360704859010288
"70","Kentavious Caldwell-Pope","caldwke01",8089282,581,124,101,12,2,11.7,3.6,0.1,-0.3,0.7,0.565,2.6,9.8,0.2,14.8,0,0,26,1,0,0,7565522.03274775,0.518869938897888
"71","Vlatko ƒåanƒçar","cancavl01",1517981,17,10,3,1,0.1,11.4,0.1,0.1,-4.6,0,0.433,12.4,15.2,0.3,19.1,1,0,22,1,0,0,4656677.92037611,0.221310936595983
"72","Clint Capela","capelca01",16456522,543,537,48,72,3.9,20.7,5,0.2,1.6,1.2,0.629,13.7,12.7,0.3,16,0,0,25,1,0,0,11707838.6852544,0.831387344926497
"73","DeMarre Carroll","carrode01",6842307,54,43,16,4,0.1,6.5,-0.1,0,-6.1,-0.2,0.454,5.1,18.6,0.7,15.8,0,0,33,0,0,1,9174484.62836297,0.135345718293649
"74","Jevon Carter","carteje01",1416852,204,85,63,11,0.8,10.3,1,0.1,-0.6,0.2,0.512,3.6,12.6,0.1,13.9,1,0,24,1,0,0,5746798.04847062,0.0449667623075001
"75","Michael Carter-Williams","cartemi01",2028594,249,133,94,19,2.1,14.4,1.3,0.1,-0.5,0.3,0.475,5.9,14.6,0.4,18.4,0,0,28,0,1,0,10542366.1886552,-0.612157028622205
"76","Vince Carter","cartevi01",2564753,271,120,46,25,-0.6,7.4,-0.3,0,-4.4,-0.5,0.452,2.2,9.4,0.1,16.6,0,0,43,0,0,1,11887056.0676249,-0.755476911896356
"77","Wendell Carter","cartewe01",5201400,452,390,48,36,0.6,15.8,3.2,0.1,-2.2,0,0.542,11.6,14.9,0.4,16.4,1,0,20,1,0,0,7763760.13031118,0.164621066860096
"78","Alex Caruso","carusal01",2750000,305,107,99,16,3,11.2,2.2,0.1,0,0.5,0.496,1.5,13.6,0.3,13.9,1,0,25,1,0,0,8532349.77471958,-0.226943161089415
"79","Willie Cauley-Stein","caulewi01",2177483,375,301,67,60,1.9,16.8,2.8,0.1,0.3,0.6,0.579,8,10.8,0.2,14.4,0,0,26,1,0,0,8067784.94189521,-0.220912352449435
"80","Tyson Chandler","chandty01",2564753,34,66,6,8,-0.1,10.8,0.6,0.1,-1.3,0,0.778,11.9,25.2,0.7,6,0,0,37,0,0,1,-1029000.80076718,1.19936750591452
"81","Wilson Chandler","chandwi01",2564753,191,133,35,12,0.6,7.7,0.7,0,-2.7,-0.1,0.505,1.6,15,0.1,13,0,0,32,0,1,0,8922580.76841667,-0.306803756501925
"82","Brandon Clarke","clarkbr01",2478840,602,292,72,42,2.3,21.8,4.4,0.2,3.4,1.5,0.648,7.7,9.3,0.2,19,1,0,23,1,0,0,10494005.8639932,-0.554284986514846
"83","Jordan Clarkson","clarkjo01",13437500,912,160,118,15,3.1,18.1,3.4,0.1,1.8,1.4,0.551,3.5,9.1,0.2,25.5,0,0,27,1,0,0,15791528.3605831,-0.125648519862627
"84","Nicolas Claxton","claxtni01",898310,66,44,16,8,0.1,14.9,0.5,0.1,-0.6,0.1,0.573,10.7,13.6,0.4,14.8,1,0,20,1,0,0,513182.522148117,0.778853305796943
"85","John Collins","collijo01",2686560,782,372,56,60,1,23.2,4.2,0.2,3,1.5,0.632,9,10.1,0.2,22.7,1,0,22,1,0,0,13602389.2388764,-1.00141623903655
"86","Zach Collins","colliza01",4240200,27,12,6,2,0.4,9,0.1,0,-1.8,0,0.553,4.9,21.7,0.3,13.6,1,0,22,1,0,0,4114700.53707025,0.608984422062946
"87","Mike Conley","conlemi01",32511623,517,123,162,4,0.3,13.4,1.8,0.1,-0.3,0.5,0.488,2.7,12.4,0.2,23,0,1,32,0,1,0,14960568.8131222,2.14172109580231
"88","Pat Connaughton","connapa01",1723050,291,245,92,30,0.7,11.5,3,0.1,0.9,0.8,0.54,5.3,14.5,0.1,11.9,0,0,27,1,0,0,9127069.88213045,-0.432257881241153
"89","Quinn Cook","cookqu01",3000000,183,40,40,1,0.3,10.5,0.4,0,-3.3,-0.1,0.512,1.9,12.4,0.1,20.8,1,0,26,1,0,0,9057240.90347707,-0.27831590716375
"90","Robert Covington","covinro01",11301219,752,380,71,72,3.9,13.8,3.3,0.1,0.4,1,0.546,3,11.8,0.2,17.4,0,0,29,0,1,0,15732863.1294415,-0.356626849187099
"91","Allen Crabbe","crabbal01",17818456,172,77,33,4,-1.2,6,-0.1,0,-5.2,-0.5,0.458,1.8,8.5,0.1,12.7,0,0,27,1,0,0,4647808.66625165,2.05283765090994
"92","Torrey Craig","craigto01",2100000,242,154,31,31,0.4,10.7,1.7,0.1,-2,0,0.548,6.1,9,0.1,12.2,1,0,29,0,1,0,4383775.63101668,0.327962597171656
"93","Jae Crowder","crowdja01",7815533,592,343,144,19,1.2,12.1,3.1,0.1,-0.7,0.5,0.494,3.1,9.9,0.2,15.6,0,0,29,0,1,0,13239279.5026886,-0.370588891349839
"94","Jarrett Culver","culveja01",5813640,551,204,105,38,-0.8,9.5,-0.2,0,-4,-0.7,0.462,4.7,11.5,0.2,19.2,1,0,20,1,0,0,7528284.54294176,0.269001351112191
"95","Seth Curry","curryse01",7441860,727,138,119,8,1.5,16,4.3,0.1,1.4,1.3,0.628,1.9,9.5,0.2,18.6,0,0,29,0,1,0,11314469.8740614,-0.121224320080544
"96","Stephen Curry","curryst01",40231758,104,26,33,2,0.5,21.7,0.3,0.1,3.6,0.2,0.476,3,14.6,0.3,33.6,0,1,31,0,1,0,18525944.6879891,2.46890281312146
"97","Troy Daniels","danietr01",2028594,174,46,14,3,-0.1,9,0.7,0.1,-2.1,0,0.516,2.9,5.1,0.1,16.2,0,0,28,0,1,0,5296488.41234554,0.181806252279159
"98","Anthony Davis","davisan02",27093019,1381,493,168,130,7.3,28.4,9.8,0.3,8.6,4.8,0.544,7.3,10.1,0.5,29.7,0,1,26,1,0,0,31374498.9335879,-0.950916118965913
"99","Ed Davis","davised01",4767000,33,95,8,9,-0.3,7.3,0.4,0.1,-3.8,-0.1,0.412,12.4,25.1,0.3,8.5,0,0,30,0,1,0,4956648.96096612,0.540703617710286
"100","Terence Davis","daviste02",898310,495,214,107,12,3.4,15,3.2,0.1,1.8,1,0.575,4.6,13.6,0.1,18.9,1,0,22,1,0,0,11015987.6471225,-0.810745608106542
"101","Dewayne Dedmon","dedmode01",13333334,219,211,19,38,0.1,8.9,0.1,0,-5.9,-0.6,0.443,8.5,17.4,0.1,18.2,0,0,30,0,1,0,10190782.673116,0.710328449981346
"102","Matthew Dellavedova","dellama01",9607500,148,65,147,1,0.9,7.1,-0.1,0,-6.1,-0.7,0.414,2.4,23.6,0.2,13,0,0,29,0,1,0,8648814.32234002,0.525376162383598
"103","DeMar DeRozan","derozde01",27739975,1290,326,315,14,2.8,21.4,6,0.1,1.7,1.9,0.53,2,11.5,0.4,26.6,0,1,30,0,1,0,22952470.567097,0.39639627041791
"104","Cheick Diallo","diallch01",1678854,195,114,20,11,0.4,16.7,1.2,0.1,-1,0.1,0.653,6.5,16.4,0.3,16.7,1,0,23,1,0,0,4496147.770277,0.263669659959961
"105","Hamidou Diallo","diallha01",1416852,218,117,21,7,-0.1,8.3,0.1,0,-4.9,-0.5,0.468,4.8,13.4,0.2,17.4,1,0,21,1,0,0,6084918.4908464,-0.00620774598562812
"106","Gorgui Dieng","dienggo01",16229213,416,320,64,54,2.5,17.8,2.7,0.1,1.9,0.9,0.535,8.8,12.7,0.2,17.7,0,0,30,0,1,0,12916512.6679641,0.6229328168784
"107","Spencer Dinwiddie","dinwisp01",10600000,1252,214,410,21,3.6,17.9,4.7,0.1,1.8,1.8,0.476,1.7,12.5,0.4,29.2,0,0,26,1,0,0,22355808.2837643,-1.43774064419309
"108","Donte DiVincenzo","divindo01",2905800,521,279,128,17,4.4,14.7,4.3,0.2,1.9,1.3,0.546,4.6,12.9,0.2,16.9,1,0,23,1,0,0,12480206.2400702,-0.806958087111803
"109","Luka Donƒçiƒá","doncilu01",7683360,1426,475,439,10,7.9,27.7,7.5,0.2,8.5,4.4,0.531,4.1,14.6,0.4,37,1,0,20,1,0,0,34937464.5768203,-3.66944799350038
"110","Damyean Dotson","dotsoda01",1618520,317,88,57,4,0.5,11.1,1,0.1,-1.4,0.1,0.516,1.2,6.5,0.1,16.5,1,0,25,1,0,0,6680340.96727257,-0.0736820263926992
"111","Sekou Doumbouya","doumbse01",3285120,228,113,15,8,-1.6,6.2,-0.3,0,-6.7,-0.8,0.449,3,12,0.2,16.9,1,0,19,1,0,0,5167791.50181468,0.342364718851796
"112","Goran Dragiƒá","dragigo01",19217900,839,156,262,8,1.5,16.6,3.3,0.1,0.2,0.8,0.526,2,14.9,0.3,25.7,0,0,33,0,0,1,18239871.044915,0.152806581336409
"113","Andre Drummond","drumman01",27093019,961,840,149,89,1.5,21.9,4.1,0.1,1,1.4,0.536,14.9,18.2,0.4,25.9,0,1,26,1,0,0,25668189.4675917,-0.0872665299646185
"114","Jared Dudley","dudleja01",2564753,58,43,19,3,0.4,7.4,0.7,0.1,-0.8,0.1,0.56,1.8,10.5,0,7.7,0,0,34,0,0,1,3407137.03659859,0.527958315294128
"115","Kris Dunn","dunnkr01",5348007,373,186,173,17,3.4,12.1,2.2,0.1,-0.6,0.4,0.487,1.9,15.7,0.2,14.6,1,0,25,1,0,0,10543912.9390632,-0.239694153527594
"116","Carsen Edwards","edwarca01",1200000,106,43,22,3,-0.4,6.5,0.1,0,-5,-0.2,0.42,2.1,11.2,0.1,18.1,1,0,21,1,0,0,7336730.46140431,-0.220017115055678
"117","Wayne Ellington","ellinwa01",7804878,168,53,34,4,0.6,8.7,0.4,0,-2.7,-0.1,0.494,0.7,9.1,0.1,15,0,0,32,0,1,0,7762073.14642499,0.457189634150109
"118","Joel Embiid","embiijo01",27504630,1001,506,134,58,4.8,25.7,5.4,0.2,5.2,2.3,0.514,10.1,13.4,0.5,32.6,1,1,25,1,0,0,26605955.8880868,-0.182982570112856
"119","James Ennis","ennisja01",1882867,353,190,49,20,0.6,11.9,2.1,0.1,-2.4,-0.1,0.515,6.3,11.6,0.3,15.2,0,0,29,0,1,0,7492017.65923777,-0.16684889780224
"120","Jacob Evans","evansja02",1925880,128,41,31,12,-0.7,5.5,-0.5,-0.1,-7.2,-0.5,0.384,2.3,14.6,0.2,17.5,1,0,22,1,0,0,7806428.83850706,-0.209605597958504
"121","Dante Exum","exumda01",9600000,159,67,40,8,0.4,10.4,0.4,0,-3,-0.1,0.534,2.8,18.4,0.4,15,0,0,24,1,0,0,6523894.2293818,0.846140603786408
"122","Derrick Favors","favorde01",17650000,400,432,74,42,2.6,19.2,3.7,0.2,1.2,0.8,0.621,14.1,13.3,0.2,14.4,0,0,28,0,1,0,8847788.70460591,1.39825702988654
"123","Cristiano Fel√≠cio","feliccr01",8156500,86,102,16,2,-0.6,12.9,1,0.1,-3,-0.1,0.63,15,21.9,0.4,9.1,0,0,27,1,0,0,-1004368.12484752,1.82346939163894
"124","Terrance Ferguson","fergute01",2475840,205,70,44,16,-0.5,4.2,0.7,0,-4.1,-0.6,0.487,2.3,12.6,0.1,9,1,0,21,1,0,0,927576.298914193,0.893256709684303
"125","Bruno Fernando","fernabr01",1400000,234,189,46,17,0.1,12.3,0.8,0.1,-4.1,-0.4,0.53,10,15.9,0.3,15.3,1,0,21,1,0,0,3901937.86504529,0.322294129876565
"126","Yogi Ferrell","ferreyo01",3150000,183,48,59,4,0.6,10.7,0.4,0,-2.5,-0.1,0.453,1.4,11.9,0.2,18.9,1,0,26,1,0,0,9294800.63667463,-0.297428861753238
"127","Dorian Finney-Smith","finnedo01",4000000,582,348,97,37,2.8,12.2,4.4,0.1,-0.1,0.9,0.577,7,11.2,0.2,12.7,1,0,26,1,0,0,9290641.3803817,-0.201363078320553
"128","Bryn Forbes","forbebr01",2875000,672,121,106,0,-0.1,11.1,1.4,0,-2.7,-0.3,0.544,0.8,8.4,0.2,18.6,1,0,26,1,0,0,7737511.97631787,-0.0926097617737992
"129","Evan Fournier","fournev01",17000000,1149,157,193,14,2.8,16.7,4.4,0.1,1.2,1.6,0.564,0.9,11.1,0.2,24.2,0,0,27,1,0,0,16828857.8355654,0.117342019694843
"130","De'Aaron Fox","foxde01",6392760,878,172,289,23,1.9,20.1,3.2,0.1,1.6,1.2,0.509,2.3,14.6,0.4,29.6,1,0,22,1,0,0,18884005.5973539,-1.38466391469343
"131","Melvin Frazier","frazime01",1416852,18,4,1,2,0.1,7.5,0,0,-4.5,0,0.471,2,13.8,0.2,18.5,1,0,23,1,0,0,7650274.56592448,-0.243124292299478
"132","Tim Frazier","fraziti01",1882867,97,33,93,4,0.3,9.8,0.1,0,-4.6,-0.2,0.415,2.8,25.6,0.3,17.3,0,0,29,0,1,0,11987146.6870312,-0.847186401489271
"133","Markelle Fultz","fultzma01",9745200,716,204,318,9,0.9,14,2.3,0.1,-1.9,0,0.496,2,15.1,0.2,20.7,1,0,21,1,0,0,11733902.6565286,0.0739089089147941
"134","Wenyen Gabriel","gabriwe01",898310,47,39,8,6,-0.3,6.7,0,0,-5.7,-0.2,0.5,9.1,22.6,0.4,14.5,1,0,22,1,0,0,4027041.27837729,0.247030997751807
"135","Daniel Gafford","gaffoda01",898310,204,99,17,50,0.2,16.4,1.7,0.1,-1.3,0.1,0.701,9,15.3,0.4,13.3,1,0,21,1,0,0,-234563.496501549,0.892024620029441
"136","Danilo Gallinari","gallida01",22615559,1017,295,111,4,4.3,19.6,5.6,0.2,3.4,2.2,0.549,2.2,7.5,0.4,24.4,0,0,31,0,1,0,20908461.210203,0.130397901125084
"137","Langston Galloway","gallola01",7333333,641,141,96,10,1.8,12,2.9,0.1,-1.1,0.4,0.557,2.2,6.5,0.2,15.9,0,0,28,0,1,0,7744996.24830834,0.406830103084807
"138","Darius Garland","garlada01",6400920,728,111,229,4,-2.8,8.6,-1.4,0,-5.7,-1.7,0.476,1.6,17.1,0.1,20.7,1,0,20,1,0,0,6385937.20898223,0.507834160497425
"139","Marc Gasol","gasolma01",25595700,272,226,122,33,2.4,12,2.7,0.1,1.9,1,0.528,3.2,14.6,0.2,12.7,0,1,35,0,0,1,12919027.0558764,1.67420247414024
"140","Rudy Gay","gayru01",14000000,550,303,99,26,0.8,14.1,1.3,0.1,-1.5,0.2,0.5,4.7,12.4,0.2,21.3,0,0,33,0,0,1,15719707.44332,-0.0516220664952929
"141","Paul George","georgpa01",33005556,834,234,154,19,4,20.1,3.5,0.1,4.1,1.8,0.53,1.9,13,0.3,29.6,0,1,29,0,1,0,22803175.8054558,1.01020080462129
"142","Taj Gibson","gibsota01",9800000,352,254,51,25,-0.2,15.9,2.3,0.1,-1.2,0.2,0.591,11.2,13.1,0.2,14.8,0,0,34,0,0,1,7560979.55240777,0.711633398868501
"143","Harry Giles","gilesha01",2578800,257,149,47,14,-0.4,16.8,1.4,0.1,-0.9,0.2,0.56,6.3,13.4,0.2,19.6,1,0,21,1,0,0,7439065.63957135,-0.0806966636600464
"144","Shai Gilgeous-Alexander","gilgesh01",3952920,1198,381,203,45,3.8,17.7,5.3,0.1,1.5,1.9,0.514,2.3,9.8,0.3,23.7,1,0,21,1,0,0,19761537.6678791,-1.79141863876757
"145","Rudy Gobert","goberru01",25008427,909,827,88,118,9.6,22,9.6,0.2,3.8,3,0.698,11.3,15.2,0.7,16.1,0,0,27,1,0,0,22439897.6608663,0.167281465590061
"146","Aaron Gordon","gordoaa01",19863636,791,414,198,32,0.5,14.8,3.2,0.1,-0.3,0.8,0.479,5.6,10.3,0.3,20.6,0,0,24,1,0,0,16024981.5430941,0.560531903700597
"147","Eric Gordon","gordoer01",14057730,478,63,51,12,-0.1,10.6,0.8,0,-3.3,-0.3,0.475,0.9,6.9,0.2,22.1,0,0,31,0,1,0,10739310.5105852,0.708642512551318
"148","Devonte' Graham","grahade01",1416852,1065,207,449,15,4.3,15.3,2.9,0.1,0.2,1.1,0.495,2,14.5,0.2,24.8,1,0,24,1,0,0,17522545.4195533,-1.73729188276286
"149","Treveon Graham","grahatr01",1678854,223,138,39,6,-0.3,6.3,0.1,0,-5.7,-0.8,0.428,5.7,9.8,0.2,13.1,1,0,26,1,0,0,4180439.55704388,0.31145207874182
"150","Jerami Grant","grantje01",9346153,707,216,75,51,-0.4,14,3.7,0.1,-0.5,0.6,0.55,3.5,8,0.3,17.8,0,0,25,1,0,0,9787780.23952798,0.323650228019784
"151","Danny Green","greenda02",14634146,489,198,80,28,4.2,11.4,3.3,0.1,0.8,1,0.552,3.2,10.8,0.1,13.8,0,0,32,0,1,0,10920084.7011314,0.74600117211084
"152","Draymond Green","greendr01",18539130,345,266,266,33,1.6,12.5,1.2,0,-0.3,0.5,0.446,2,21.8,0.3,15.7,0,0,29,0,1,0,15973585.3546474,0.419597859793625
"153","JaMychal Green","greenja01",4767000,341,331,40,20,0,10.6,2.5,0.1,-0.9,0.3,0.536,7,12.3,0.1,13.5,0,0,29,0,1,0,9632257.07424235,-0.166949384536612
"154","Javonte Green","greenja02",898310,127,77,22,7,0,12.5,1,0.1,-0.6,0.1,0.531,4.7,13.7,0.4,13.6,1,0,26,1,0,0,5191101.02115138,0.0708506268114325
"155","Jeff Green","greenje02",2564753,296,98,29,14,-0.1,11.7,1.1,0.1,-1,0.2,0.536,3.4,10.9,0.3,18.9,0,0,33,0,0,1,10311786.9980471,-0.517060034470706
"156","Blake Griffin","griffbl01",34234964,279,84,59,7,-0.1,11.9,-0.1,0,-4.2,-0.3,0.406,3.7,12,0.4,28.4,0,1,30,0,1,0,15536231.1200304,2.24808788157629
"157","Marko Guduric","gudurma01",2625000,170,70,44,8,-0.5,9.1,0.2,0,-3.2,-0.1,0.477,3.1,17.9,0.2,17.6,1,0,24,1,0,0,8749950.73018858,-0.273911799498533
"158","Rui Hachimura","hachiru01",4469160,533,227,63,5,-1.4,14.7,1.7,0.1,-2.7,-0.2,0.5,5.5,7.5,0.2,18.7,1,0,21,1,0,0,7308247.3163431,0.15134847771708
"159","Tim Hardaway","hardati02",18150000,934,182,119,4,4.7,15,3.9,0.1,0.2,0.9,0.554,1.4,6.6,0.2,21.7,0,0,27,1,0,0,13038205.7471641,0.820176654926329
"160","James Harden","hardeja01",37800000,2006,367,423,52,13.5,28.6,11.1,0.3,9.4,6.1,0.533,3,13.8,0.5,36.4,0,1,30,0,1,0,39948434.7842383,-1.04642262216265
"161","Maurice Harkless","harklma01",11511234,333,232,60,33,0.1,9.8,2.6,0.1,-0.5,0.5,0.562,4.1,14.5,0.2,10.7,0,0,26,1,0,0,7298512.39465415,0.943491678441497
"162","Montrezl Harrell","harremo01",6000000,1139,433,104,70,5.7,23.1,6.8,0.2,2.9,2.1,0.58,9.9,10.1,0.4,25.5,0,0,26,1,0,0,19365116.89359,-1.5015783781337
"163","Gary Harris","harriga01",17839286,540,158,114,14,1.6,9.3,1.8,0.1,-2.7,-0.3,0.487,1.6,9.7,0.2,15.1,0,0,25,1,0,0,7226749.64714887,1.6648538412902
"164","Joe Harris","harrijo01",7670000,823,263,125,16,2,12.4,3.4,0.1,-0.5,0.7,0.579,3.3,11.1,0.1,17.9,0,0,28,0,1,0,12016882.2751216,-0.201919296442665
"165","Shaquille Harrison","harrish01",898310,170,64,38,13,1,16.8,1,0.1,1.6,0.4,0.515,4.8,9.2,0.3,18.1,1,0,26,1,0,0,7365566.7277972,-0.258254625021279
"166","Tobias Harris","harrito02",31034483,1220,429,196,35,3.1,16.8,5.5,0.1,0.7,1.5,0.528,2.7,7.9,0.2,23.6,0,1,27,1,0,0,20255994.6509262,1.17440842822853
"167","Isaiah Hartenstein","harteis01",1416852,107,90,18,12,0.4,18.7,1.1,0.2,0.6,0.2,0.657,11.4,16.8,0.4,14.8,1,0,21,1,0,0,839455.411631812,0.787692770535733
"168","Josh Hart","hartjo01",1934160,559,353,92,20,3.2,11.9,2.7,0.1,-0.5,0.6,0.531,3.6,11.1,0.2,15.3,1,0,24,1,0,0,11626088.0807486,-0.78678112922845
"169","Udonis Haslem","hasleud01",2564753,5,8,1,0,-0.2,3,0,0,-12.8,-0.1,0.167,0,0,0.7,16.3,0,0,39,0,0,1,13427415.6790579,-0.988610244964906
"170","Jaxson Hayes","hayesja02",4862040,420,223,51,53,-0.1,17.9,3.4,0.2,0.1,0.5,0.662,9,11.6,0.7,15.1,1,0,19,1,0,0,3281884.6568847,0.804849991709904
"171","Gordon Hayward","haywago01",32700690,727,279,176,17,2.1,17.8,4.6,0.2,2.5,1.6,0.563,3.2,10.8,0.2,20.9,0,1,29,0,1,0,16771192.5040475,1.88891137104906
"172","John Henson","hensojo01",9732396,209,158,52,42,1.7,17.5,1.4,0.1,1.3,0.5,0.579,8.5,15.8,0.3,16.3,0,0,29,0,1,0,8042925.43159022,0.631100479162011
"173","Dewan Hernandez","hernade01",898310,4,7,0,0,0,4.2,0,0,-21.3,-0.1,0.2,19.6,14.5,0.4,26.8,1,0,23,1,0,0,9831144.99432885,-0.631419745004624
"174","Juan Hernang√≥mez","hernaju01",3321030,259,171,38,9,0.4,10.5,0.9,0.1,-3.3,-0.2,0.494,5.5,10.3,0.3,15.7,1,0,24,1,0,0,6236208.18655408,0.184691821046305
"175","Willy Hernang√≥mez","hernawi01",1676735,187,123,28,7,-0.3,19.3,0.8,0.1,0,0.2,0.55,12.1,15.4,0.4,22.9,1,0,25,1,0,0,8136142.53275516,-0.287481241956325
"176","Tyler Herro","herroty01",3640200,603,186,91,7,0.3,11.4,0.9,0,-2.3,-0.1,0.507,1.3,11.3,0.1,22,1,0,20,1,0,0,10796741.064797,-0.46970878956701
"177","Mario Hezonja","hezonma01",1737145,198,155,38,8,-0.6,8.7,0.6,0,-3.3,-0.2,0.484,3.6,14.9,0.3,13.7,0,0,24,1,0,0,6874886.5658346,-0.089807515854305
"178","Buddy Hield","hieldbu01",4861208,1235,298,193,17,1.9,16.2,3,0.1,1.3,1.6,0.544,3.1,11.8,0.1,27.1,1,0,27,1,0,0,20540986.2179608,-1.80740739023881
"179","George Hill","hillge01",9133907,496,153,150,4,3.2,17.7,5.1,0.2,3.5,1.5,0.638,4.3,11.6,0.2,15.8,0,0,33,0,0,1,10992148.5746081,0.117538602641279
"180","Solomon Hill","hillso01",13258781,279,147,94,7,0.2,10.1,1.3,0.1,-1.7,0.1,0.522,2.9,15,0.2,13.2,0,0,28,0,1,0,7926721.98852087,1.04462323625062
"181","Aaron Holiday","holidaa01",2239200,526,126,183,12,2.6,12.3,1.8,0.1,-1.5,0.2,0.488,1.7,12.4,0.1,19.4,1,0,23,1,0,0,10321271.4249343,-0.555047934069034
"182","Jrue Holiday","holidjr01",26131111,1019,253,364,42,5.7,17,3.3,0.1,1.7,1.7,0.514,3.8,13.6,0.2,24.7,0,1,29,0,1,0,19895361.9358602,0.678449480150922
"183","Justin Holiday","holidju01",4767000,517,200,87,38,4.2,12.6,3.8,0.1,1.5,1.4,0.581,2.1,8,0.1,13.5,0,0,30,0,1,0,10582257.6075239,-0.310731907200125
"184","Rondae Hollis-Jefferson","holliro01",2500000,367,243,88,22,2.8,15.4,3.1,0.2,0.5,0.6,0.475,11,12.2,0.4,17.2,0,0,25,1,0,0,9243382.78795286,-0.362627458385711
"185","Richaun Holmes","holmeri01",4767000,484,314,37,52,2.2,20.8,4.6,0.2,1.8,1,0.654,11.5,11.8,0.3,16,0,0,26,1,0,0,7714372.97973332,0.123322255977309
"186","Rodney Hood","hoodro01",5718000,230,72,32,4,1.1,12.2,1.1,0.1,-1,0.2,0.608,1.7,9.4,0.2,13.9,0,0,27,1,0,0,4630582.26625897,0.69683014793006
"187","Al Horford","horfoal01",28000000,680,392,231,52,3.4,15.2,4.6,0.1,1.9,1.8,0.51,5.5,8.7,0.1,17.6,0,1,33,0,0,1,18095226.3087308,1.16073497303281
"188","Talen Horton-Tucker","hortota01",898310,0,0,2,0,0,14.9,0,0.1,7.9,0,0,0,0,0,8.4,1,0,19,1,0,0,6950083.12477893,-0.195371207092093
"189","Danuel House","houseda01",3540000,580,242,70,32,2.3,11.7,3.5,0.1,-0.3,0.7,0.545,3.4,8.6,0.2,13.5,1,0,26,1,0,0,8716021.09051207,-0.166042201870357
"190","Dwight Howard","howardw01",3039097,468,453,41,76,1.9,19.2,5.1,0.2,0.7,0.8,0.737,14.6,17.8,0.7,14.5,0,0,34,0,0,1,9658771.22371015,-0.364967752317807
"191","Kevin Huerter","huertke01",2636280,641,215,184,25,-0.3,11.7,1.5,0,-1.3,0.3,0.517,2.1,12,0.1,17.1,1,0,21,1,0,0,9631251.77836074,-0.406030163710674
"192","De'Andre Hunter","huntede01",7068360,734,255,106,18,-0.6,8.9,0.2,0,-4.5,-1.2,0.489,2.3,12.1,0.2,17.5,1,0,22,1,0,0,7370384.11415186,0.433776994362856
"193","Chandler Hutchison","hutchch01",2332320,218,108,26,7,0.1,12.4,0.7,0.1,-2.6,-0.1,0.491,3.6,11.4,0.4,19.1,1,0,23,1,0,0,8016699.53375422,-0.195795793961058
"194","Serge Ibaka","ibakase01",23271604,759,391,65,40,1.2,17.8,3.6,0.1,0.2,0.7,0.571,8.2,12.9,0.2,24.1,0,0,30,0,1,0,16773311.7605911,0.829911922914672
"195","Andre Iguodala","iguodan01",17185185,47,42,18,11,-0.3,9.9,0.3,0.1,-2.2,0,0.578,4.5,23.8,0.2,12.2,0,0,36,0,0,1,7784343.44783157,1.50702091675059
"196","Ersan ƒ∞lyasova","ilyaser01",7000000,380,264,46,14,2,15.5,3.4,0.2,0.8,0.6,0.552,7.1,9.3,0.3,16.4,0,0,32,0,1,0,10555912.3498229,-0.056027831949433
"197","Joe Ingles","inglejo01",11954546,591,242,317,8,3,12.1,3.9,0.1,0.3,1.1,0.566,1.4,18.9,0.2,15,0,0,32,0,1,0,14966335.4471524,-0.167258697587027
"198","Brandon Ingram","ingrabr01",7265485,1331,333,231,36,3.4,19.8,4.9,0.1,2.8,2.3,0.534,2.7,13.1,0.3,28.2,1,0,22,1,0,0,22894930.7644777,-1.89372939638602
"199","Kyrie Irving","irvinky01",31742000,548,103,128,10,1.8,26.3,3,0.2,7.7,1.6,0.546,3.5,10.1,0.2,32.6,0,1,27,1,0,0,19453858.1186806,1.37525032065435
"200","Jonathan Isaac","isaacjo01",5806440,384,222,44,78,3,16.9,2.2,0.1,2,1,0.509,6.2,11.7,0.2,18.3,1,0,22,1,0,0,10914902.1236579,-0.244371414226649
"201","Wesley Iwundu","iwundwe01",1618520,213,106,44,10,0.4,9.6,1.2,0.1,-3,-0.2,0.451,2.9,7.3,0.4,13.1,1,0,25,1,0,0,5036065.77705392,0.175178923175418
"202","Frank Jackson","jacksfr01",1618520,277,64,40,4,-1.2,8.4,0.1,0,-5.6,-0.6,0.461,3,13.1,0.2,20.4,1,0,21,1,0,0,7276959.93907761,-0.163980271319701
"203","Jaren Jackson","jacksja02",6927480,914,254,76,87,0.9,16.2,3.2,0.1,0.1,0.8,0.564,3.8,10.8,0.2,23.9,1,0,20,1,0,0,13248067.3615885,-0.471627727353955
"204","Josh Jackson","jacksjo02",7059480,140,51,22,7,0.4,13.1,0.4,0.1,-0.2,0.1,0.513,3.3,12.5,0.3,23.2,1,0,22,1,0,0,9462090.98679727,0.11620025856559
"205","Justin Jackson","jacksju01",3280920,306,132,36,7,-0.7,9.4,0.9,0.1,-3.7,-0.4,0.471,3.1,3.5,0.1,15.8,1,0,24,1,0,0,4861285.20575495,0.388282860529339
"206","Reggie Jackson","jacksre01",17286956,270,64,97,4,0.6,14.6,0.8,0.1,-0.1,0.2,0.504,3,12.7,0.2,24.5,0,0,29,0,1,0,12822463.3293698,0.755928422501041
"207","Justin James","jamesju01",898310,85,30,16,9,0.2,11.6,0.2,0,-0.7,0.1,0.481,3,8.4,0.3,19,1,0,23,1,0,0,6811666.9246645,-0.174421923662531
"208","LeBron James","jamesle01",37436858,1450,445,610,28,9.5,25.7,8.8,0.2,8.2,5.1,0.555,3.1,15.3,0.3,31.6,0,1,35,0,0,1,37387055.5965179,-0.699530887648159
"209","Amile Jefferson","jeffeam01",1445697,15,23,4,3,-0.1,8.9,0,0,-6,-0.1,0.357,14,13,1,13.5,1,0,26,1,0,0,2841815.80806377,0.487874305127274
"210","Ty Jerome","jeromty01",2193480,90,39,40,3,-0.2,8.9,0,0,-3.2,-0.1,0.41,2.1,13.8,0.1,17.6,1,0,22,1,0,0,8298046.06357117,-0.253966248351015
"211","Alize Johnson","johnsal02",1416852,18,18,2,0,0,10.8,0.1,0.1,-4.8,0,0.467,14.4,14.5,0.4,16.8,1,0,23,1,0,0,2258605.20213838,0.57290453645802
"212","Cameron Johnson","johnsca02",4033440,398,140,52,16,0.6,12.2,1.8,0.1,-0.2,0.5,0.558,4.3,7.7,0.1,16,1,0,23,1,0,0,6146654.60915392,0.278233702938099
"213","James Johnson","johnsja01",15349400,230,105,60,29,0.2,14.1,0.9,0.1,-0.7,0.2,0.556,4.3,16.9,0.2,19.4,0,0,32,0,1,0,11126254.0212281,0.795104730102191
"214","Keldon Johnson","johnske04",1950600,20,6,4,1,-0.1,14.8,0,0,-1.3,0,0.548,5.8,7.8,0.3,18.1,1,0,20,1,0,0,2411569.67194697,0.609681518839461
"215","Stanley Johnson","johnsst04",3623000,23,22,8,2,0.1,3.1,-0.1,-0.1,-6.4,-0.1,0.29,3.4,19.2,0.2,18.6,0,0,23,1,0,0,11647320.5904129,-0.600375129995616
"216","Tyler Johnson","johnsty01",19245370,178,52,50,8,-0.8,8.1,0.1,0,-3.6,-0.2,0.45,2.1,11.5,0.2,17.3,0,0,27,1,0,0,8185239.61537863,1.6776587098421
"217","Nikola Jokiƒá","jokicni01",26573595,1281,633,423,43,7.4,25.7,9.1,0.2,8.2,5.2,0.565,8.2,15.7,0.3,26.6,0,1,24,1,0,0,33272789.4878914,-1.29654215416809
"218","Damian Jones","jonesda03",2305057,306,205,34,40,-0.6,15.6,2.8,0.2,-1.5,0.1,0.685,8.9,11.5,0.5,11.4,1,0,24,1,0,0,852592.478615729,0.885430336599495
"219","Derrick Jones","jonesde02",1645357,420,196,52,33,2.3,14.5,3.5,0.1,0.5,0.7,0.567,5.4,6.8,0.4,14.1,1,0,22,1,0,0,5564194.10917091,0.0982599364425
"220","Tyus Jones","jonesty01",8408000,460,101,275,6,1.3,15.9,2.9,0.1,0.6,0.8,0.514,0.8,10.8,0.1,17.2,0,0,23,1,0,0,9772636.18104018,0.220608359614238
"221","DeAndre Jordan","jordade01",9881598,434,524,99,49,1.8,20,4.9,0.2,2.9,1.4,0.666,12.1,17.8,0.4,14.1,0,0,31,0,1,0,13720510.658282,-0.211449599287004
"222","Cory Joseph","josepco01",12000000,397,160,211,20,1.1,10.4,2.1,0.1,-1.6,0.1,0.484,2.6,14,0.2,13,0,0,28,0,1,0,8606331.86350672,0.800430939333004
"223","Mfiondu Kabengele","kabenmf01",1977000,42,11,2,2,0.3,18.2,0.2,0.2,1.9,0.1,0.578,1.7,5.5,0.2,23.5,1,0,22,1,0,0,6780629.50783694,-0.0486112817698017
"224","Frank Kaminsky","kaminfr01",4767000,352,158,71,10,0.1,14.6,1.4,0.1,-0.1,0.3,0.525,4.6,9.4,0.3,20.8,0,0,26,1,0,0,10188766.8959723,-0.251177112050574
"225","Enes Kanter","kanteen01",4767000,412,384,45,37,2.5,22.3,3.8,0.2,1.5,0.8,0.568,17.1,12.9,0.3,19.3,0,0,27,1,0,0,10020273.350231,-0.225675624198223
"226","Luke Kennard","kennalu01",3827160,442,98,115,6,1,14.4,2,0.1,-0.3,0.4,0.548,1.1,10.3,0.2,19.8,1,0,23,1,0,0,9253129.25982486,-0.215091746669789
"227","Michael Kidd-Gilchrist","kiddgmi01",13000000,52,51,12,5,-0.1,5.3,-0.1,0,-6.7,-0.3,0.358,5.5,16.7,0.2,14.8,0,0,26,1,0,0,7763242.64302813,1.04031041809753
"228","Maxi Kleber","klebima01",8000000,566,337,70,76,2.8,14.2,4.4,0.1,0.9,1.1,0.574,6.2,8.7,0.2,13.9,1,0,28,0,1,0,10579781.7920457,0.0526375061897174
"229","Brandon Knight","knighbr03",15643750,164,32,60,2,-0.8,8.8,-0.1,0,-4.1,-0.2,0.488,1,17.3,0.2,20.6,0,0,28,0,1,0,10994963.7687669,0.84802452424947
"230","Kevin Knox","knoxke01",4380120,397,172,59,24,-1.4,8.2,0.1,0,-4.4,-0.7,0.44,2.5,9.2,0.3,17.8,1,0,20,1,0,0,6933960.53261812,0.197999528512704
"231","Furkan Korkmaz","korkmfu01",1620564,603,141,67,15,1.9,11.7,2.3,0.1,-1.3,0.2,0.554,1.3,8.7,0.1,18.5,1,0,22,1,0,0,7976542.80071861,-0.26963259849739
"232","Luke Kornet","kornelu01",2195122,215,84,32,26,-0.9,12.7,1,0.1,-1.2,0.1,0.521,4.1,6.6,0.2,16.3,1,0,24,1,0,0,5014258.09662681,0.243219220231907
"233","Kyle Korver","korveky01",3440000,301,97,55,11,1.2,10.5,1.9,0.1,-0.4,0.3,0.595,1.8,13.3,0.1,15.7,0,0,38,0,0,1,10298068.476966,-0.416712774817153
"234","Rodions Kurucs","kurucro01",1699236,161,96,32,3,0.2,8.5,0.5,0,-3,-0.1,0.541,3.8,19.3,0.2,15.1,1,0,21,1,0,0,5990751.49416576,0.0397499273977198
"235","Kyle Kuzma","kuzmaky01",1974600,641,219,67,19,-0.2,11.4,1.3,0,-3.7,-0.6,0.491,4,11.6,0.2,23.2,1,0,24,1,0,0,11061733.1352133,-0.696825521325714
"236","Skal Labissi√®re","labissk01",2338847,190,169,42,31,0.6,15.4,1.5,0.1,-1.3,0.1,0.561,12.1,15.7,0.2,14.3,1,0,23,1,0,0,3396655.10894776,0.504180485785412
"237","Jeremy Lamb","lambje01",10500000,577,200,96,22,2.4,14.1,2.6,0.1,-0.5,0.5,0.506,2.1,8.7,0.2,19.7,0,0,27,1,0,0,12293933.8491379,0.0738956389926647
"238","Romeo Langford","langfro01",3458400,63,26,6,6,0.4,6.5,0.3,0.1,-4.2,-0.1,0.414,5.1,10.8,0.4,11.9,1,0,20,1,0,0,2492873.82253215,0.766668873976707
"239","Zach LaVine","lavinza01",19500000,1530,289,254,28,2.5,19.5,4,0.1,2.5,2.4,0.526,2.1,13.3,0.3,31.7,0,0,24,1,0,0,25216500.7053804,-0.871432274232094
"240","Jake Layman","laymaja01",3581986,176,51,14,10,0,9.1,0.1,0,-4.2,-0.2,0.52,3.4,11.1,0.2,17.7,1,0,25,1,0,0,6012565.59571255,0.247839725208416
"241","T.J. Leaf","leaftj01",2813280,72,64,6,3,0.1,13.8,0.4,0.1,-1.6,0,0.471,12.1,8.6,0.2,18.5,1,0,22,1,0,0,3210175.32117015,0.585672567619606
"242","Jalen Lecque","lecquja01",898310,10,0,2,0,0,5,0,0,-9.2,0,0.4,0,8.4,0.2,19.4,1,0,19,1,0,0,7806750.4516501,-0.32502775466841
"243","Courtney Lee","leeco01",12759670,78,24,9,4,0.3,10.7,0.5,0.1,-0.8,0.1,0.616,2.2,11.4,0.1,11.9,0,0,34,0,0,1,4402786.09755307,1.52193154476351
"244","Damion Lee","leeda03",842327,589,228,127,6,1.6,12.6,1.6,0.1,-2.4,-0.1,0.5,2.4,10.6,0.2,19,1,0,27,1,0,0,11285848.6741157,-0.857874716025449
"245","Alex Len","lenal01",4160000,393,283,46,44,0.7,17.6,2.1,0.1,-0.5,0.3,0.579,11.4,12.8,0.3,18.3,0,0,26,1,0,0,8184098.94217312,-0.0159234716298712
"246","Kawhi Leonard","leonaka01",32742000,1320,367,249,30,8.4,26.7,7.2,0.2,8.9,4.4,0.521,3.3,10.7,0.3,33.2,0,1,28,0,1,0,32656530.2233398,-0.510695318891211
"247","Meyers Leonard","leoname01",11286515,300,248,53,15,0.8,11.1,2.1,0.1,-0.6,0.3,0.635,3.2,13,0.1,12,0,0,27,1,0,0,6756590.11293664,1.00028058800616
"248","Caris LeVert","leverca01",2625718,620,135,140,5,0.8,14.1,0.7,0,-1.5,0.1,0.473,3.7,12.6,0.3,28.8,1,0,25,1,0,0,15340846.0411984,-1.27136278650376
"249","Damian Lillard","lillada01",29802321,1616,239,434,19,9.3,26.7,9.4,0.2,7.5,4.9,0.554,1.5,11,0.4,30.2,0,1,29,0,1,0,30524689.9864854,-0.518102639753825
"250","Nassir Little","littlna01",2105520,166,107,21,14,0,9.5,0.6,0.1,-3.6,-0.2,0.477,5.7,8.1,0.3,13.7,1,0,19,1,0,0,2408383.34531756,0.627557873339949
"251","Kevon Looney","looneke01",4464286,68,66,20,6,-0.5,9.4,0,0,-5.5,-0.2,0.373,11.2,12.5,0.2,15.7,0,0,23,1,0,0,4468312.35611733,0.580625217557678
"252","Brook Lopez","lopezbr01",12093024,639,265,92,147,3.9,13.9,4.5,0.1,1.7,1.5,0.501,2.7,9.2,0.2,17.5,0,0,31,0,1,0,15870813.3309546,-0.288603340367532
"253","Robin Lopez","lopezro01",4767000,315,136,38,40,0.2,11.4,1.7,0.1,-1.8,0,0.562,6.3,15.6,0.2,16.6,0,0,31,0,1,0,8175807.33452685,0.0534841945747044
"254","Kevin Love","loveke01",28900000,929,515,165,19,1.4,18.2,3.6,0.1,2.2,1.8,0.55,3.3,14.5,0.3,23.1,0,1,31,0,1,0,24253413.7444377,0.329743860012226
"255","Kyle Lowry","lowryky01",33296296,975,241,384,22,5.8,17.6,6.4,0.2,3,2.3,0.52,1.7,15,0.4,23.1,0,1,33,0,0,1,22484003.3711759,1.0911512320104
"256","Trey Lyles","lylestr01",5500000,358,339,63,25,0.4,12.3,1.9,0.1,-1.4,0.2,0.541,6,9.7,0.1,13.7,0,0,24,1,0,0,8014801.32991261,0.160152200500843
"257","Ian Mahinmi","mahinia01",15450051,283,218,49,44,1,14.1,1.3,0.1,-2.8,-0.2,0.507,10.2,14.8,0.5,15.7,0,0,33,0,0,1,8380229.31248198,1.22201629261733
"258","Thon Maker","makerth01",3569643,265,160,40,37,0.1,14,1.5,0.1,-1.2,0.1,0.539,7.8,15.7,0.6,16.1,1,0,22,1,0,0,6051805.39954599,0.240514936228764
"259","Terance Mann","mannte01",1000000,56,33,38,5,0.1,7.1,0.3,0.1,-3.6,-0.1,0.435,1.6,19.1,0.2,11.2,1,0,23,1,0,0,5986692.39614683,-0.0381445317236356
"260","Boban Marjanoviƒá","marjabo01",3500000,186,129,12,7,0.6,22.8,1,0.2,-1.1,0.1,0.566,16.8,11.8,0.3,27.9,0,0,31,0,1,0,9268968.08507321,-0.254221814780461
"261","Lauri Markkanen","markkla01",5300400,703,302,70,22,-0.2,14.4,2.5,0.1,-0.5,0.5,0.517,4.2,11,0.3,21.1,1,0,22,1,0,0,13051470.0362873,-0.624557984610834
"262","Caleb Martin","martica02",898310,63,31,14,4,-0.3,7.3,0,0,-4.6,-0.1,0.56,3.3,13.9,0.3,15,1,0,24,1,0,0,4179902.3403454,0.223895485363328
"263","Cody Martin","martico01",1173310,218,145,79,8,1.7,10.6,0.9,0.1,-1.9,0,0.473,4.4,15.7,0.3,13.6,1,0,24,1,0,0,7221230.49905105,-0.205532902010752
"264","Wesley Matthews","matthwe02",2564753,450,151,88,9,2.3,8.6,3.2,0.1,-1.5,0.2,0.522,1.4,8.7,0.2,12.7,0,0,33,0,0,1,8437939.53962523,-0.233453336137764
"265","Patrick McCaw","mccawpa01",4000000,165,78,76,4,-0.4,7.6,1.4,0.1,-1.8,0,0.485,2.3,14.6,0.1,9.4,1,0,24,1,0,0,4131079.21428579,0.57953634024917
"266","CJ McCollum","mccolcj01",27556959,1329,241,250,37,3.5,17.3,3.4,0.1,0.8,1.5,0.525,1.9,8.3,0.1,26.7,0,1,28,0,1,0,19314992.339493,0.926379711707106
"267","T.J. McConnell","mccontj01",3500000,390,157,303,11,1,16.1,2.8,0.1,0.1,0.6,0.523,3,18.5,0.1,17.2,0,0,27,1,0,0,12055569.7669291,-0.675973809057373
"268","Jalen McDaniels","mcdanja01",898310,69,53,10,3,0.1,11.9,0.4,0.1,-2.3,0,0.536,5.4,12.4,0.2,13.3,1,0,22,1,0,0,2620006.21471694,0.459985668661601
"269","Doug McDermott","mcderdo01",7333334,643,156,70,4,1.3,14.4,3,0.1,0,0.6,0.611,2.1,7.2,0.1,19.6,0,0,28,0,1,0,9782335.72332394,0.0984790103083726
"270","JaVale McGee","mcgeeja01",4000000,400,337,34,90,2.9,20.3,4.3,0.2,2,1,0.645,12.1,12.9,0.3,15,0,0,32,0,1,0,9336617.44542008,-0.208321552954798
"271","Rodney McGruder","mcgruro01",4629630,155,123,30,8,-0.8,6.5,0.8,0.1,-3,-0.2,0.462,3.7,11.1,0.2,10.5,1,0,28,0,1,0,5092684.54565717,0.504691014611921
"272","Alfonzo McKinnie","mckinal01",1361046,158,102,13,6,-0.6,8.2,0,0,-5.6,-0.5,0.468,6.9,12.3,0.2,15.2,1,0,27,1,0,0,5113198.30619672,0.134596259814171
"273","Ben McLemore","mclembe01",2028594,611,137,53,12,1.3,11.7,3,0.1,-0.6,0.5,0.609,1.5,8.5,0.1,15.6,0,0,26,1,0,0,7073672.61585279,-0.0871704683289408
"274","Jordan McRae","mcraejo01",1645357,394,111,89,16,0.6,15.1,0.8,0.1,-0.6,0.3,0.469,2.4,9.4,0.3,24.4,0,0,28,0,1,0,13689635.5471321,-1.13152512869751
"275","Nicol√≤ Melli","mellini01",3902439,335,150,58,18,0.2,12.4,1.6,0.1,-0.8,0.2,0.559,4.4,12.1,0.2,15.9,1,0,29,0,1,0,8037161.93376757,-0.0226029923586561
"276","De'Anthony Melton","meltode01",1416852,400,180,148,16,2.7,15,1.8,0.1,0.2,0.5,0.472,3.9,16.3,0.3,19.6,1,0,21,1,0,0,11950518.9883293,-0.89396602286914
"277","Chimezie Metu","metuch01",1416852,46,26,6,4,0.2,25.5,0.2,0.2,3,0.1,0.571,14.7,11.5,0.2,25.9,1,0,22,1,0,0,4667803.76140429,0.208272481724329
"278","Khris Middleton","middlkh01",30603448,1108,334,217,7,6.7,21.9,7.4,0.2,4.6,2.7,0.577,2.5,10.8,0.2,26.2,0,1,28,0,1,0,23236095.2537553,0.674974646372634
"279","C.J. Miles","milescj01",8730158,64,12,12,4,0.3,11.1,0.1,0,-1.9,0,0.415,2.6,5.6,0.3,18.6,0,0,32,0,1,0,9055580.66535895,0.365305916535158
"280","Malcolm Miller","millema01",1588231,23,14,8,2,0.3,4.7,0.1,0,-2.9,0,0.458,0.9,10.1,0.3,10.1,1,0,26,1,0,0,3885836.32919999,0.345865292186597
"281","Paul Millsap","millspa01",30500000,489,241,65,27,2.9,18,3.3,0.2,0.9,0.7,0.548,9,12.1,0.3,20.3,0,1,34,0,0,1,13002263.2021695,2.21224956991407
"282","Patty Mills","millspa02",12428571,709,95,107,5,4,14.7,2.5,0.1,0,0.7,0.557,1.4,7.6,0.2,20.5,0,0,31,0,1,0,11555454.2369828,0.402200533088474
"283","Shake Milton","miltosh01",1445697,277,65,64,6,-0.1,15.4,1.6,0.1,0.2,0.3,0.608,2,13.7,0.2,19.6,1,0,23,1,0,0,7672995.05257057,-0.243324378325383
"284","Donovan Mitchell","mitchdo01",3635760,1478,264,258,12,3.4,19.5,5.1,0.1,2.2,2.2,0.517,2.3,10.9,0.2,31,1,0,23,1,0,0,23132348.9099345,-2.33720079739278
"285","Malik Monk","monkma01",4028400,564,157,114,16,-0.6,12.6,0.7,0,-2.4,-0.1,0.494,2.4,12.6,0.2,22.9,1,0,21,1,0,0,11121821.6412053,-0.4753234043641
"286","E'Twaun Moore","mooreet01",8664928,428,119,73,10,1.1,11.4,0.8,0,-2.8,-0.2,0.498,3.2,8.1,0.1,19.9,0,0,30,0,1,0,9497601.31556811,0.291082225711023
"287","Ja Morant","moranja01",8730240,985,195,390,14,1.5,18.2,3.4,0.1,0.4,1,0.523,2.7,17.2,0.3,26,1,0,20,1,0,0,16500580.4563029,-0.761485140112284
"288","Markieff Morris","morrima02",2241808,515,186,73,13,-0.5,12.6,1.2,0.1,-2.1,0,0.54,3.4,14,0.2,21.1,0,0,30,0,1,0,12408898.9979805,-0.870717418724197
"289","Marcus Morris","morrima03",15000000,945,271,74,27,2.7,15.2,3.2,0.1,0.2,0.9,0.522,3.3,9.5,0.3,22.8,0,0,30,0,1,0,16484144.2136143,-0.0550415482082743
"290","Monte Morris","morrimo01",1588231,532,111,223,14,1.6,15.3,3.4,0.1,0.4,0.8,0.514,1.6,8.1,0.1,17.2,1,0,24,1,0,0,9266543.80003334,-0.468504454742317
"291","Emmanuel Mudiay","mudiaem01",1737145,351,115,107,10,-0.5,13.7,1.1,0.1,-1.2,0.2,0.517,2.6,16.9,0.2,22.4,0,0,23,1,0,0,11922875.9467012,-0.853820400197085
"292","Dejounte Murray","murrade01",2321735,596,322,228,15,2.1,17.4,2.7,0.1,1.2,1.1,0.507,5,15.7,0.2,20.6,1,0,23,1,0,0,15904342.5947155,-1.39077855165654
"293","Jamal Murray","murraja01",4444746,970,201,248,15,3.6,17.5,3.9,0.1,1.2,1.4,0.517,2.6,11.8,0.2,25.2,1,0,22,1,0,0,16628667.192276,-1.26203765551687
"294","D≈æanan Musa","musadz01",1911600,148,71,31,1,0,8.4,0,0,-4.7,-0.3,0.414,5,15.5,0.3,19.4,1,0,20,1,0,0,7961449.46509123,-0.234671289827816
"295","Mike Muscala","muscami01",2028594,189,93,34,11,0.8,12.5,1.1,0.1,0.1,0.3,0.538,3,7.7,0.1,16.4,0,0,28,0,1,0,7195629.08377484,-0.105628572296938
"296","Sviatoslav Mykhailiuk","mykhasv01",1416852,476,92,91,4,1.3,11.1,1.5,0.1,-1.9,0,0.552,1.5,12.3,0.2,17.1,1,0,22,1,0,0,6621488.82367806,-0.0874176330732087
"297","Abdel Nader","naderab01",1618520,272,84,34,16,-0.3,11.1,1.1,0.1,-1,0.2,0.543,2.1,12.7,0.3,16.5,1,0,26,1,0,0,7737676.66878499,-0.233709720209367
"298","Larry Nance","nancela02",12727273,521,393,113,21,2.2,17.3,3.5,0.1,1.5,1.2,0.596,7.9,11.5,0.2,15.2,0,0,27,1,0,0,11859144.6938348,0.389774657215044
"299","Shabazz Napier","napiesh01",1882867,470,137,234,9,1.4,14,1.6,0.1,-1,0.3,0.498,2.1,18.9,0.3,19.6,0,0,28,0,1,0,13375185.2551922,-1.057265953966
"300","Raul Neto","netora01",1737145,201,52,74,5,1.1,11.3,0.7,0.1,-1.8,0,0.531,2.1,18.2,0.2,17.6,0,0,27,1,0,0,8997185.50409587,-0.411017330479603
"301","Georges Niang","niangge01",1783557,315,107,34,5,0,12.3,1.6,0.1,0.4,0.5,0.598,1.8,8.6,0.1,17.1,1,0,26,1,0,0,7447639.3910619,-0.171282575497645
"302","Nerlens Noel","noelne01",2028594,411,259,53,79,2.4,22.2,4.7,0.2,4.3,1.6,0.687,9.3,15.4,0.4,15.3,0,0,25,1,0,0,8784370.36144978,-0.346084467594899
"303","Jaylen Nowell","nowelja01",1400000,46,11,14,1,0.1,8.1,0,0,-5.6,-0.1,0.387,2,4.7,0.3,17.3,1,0,20,1,0,0,5441042.29114305,0.0893507690318105
"304","Frank Ntilikina","ntilila01",4855800,315,112,159,16,0.5,9.3,0.7,0,-3.4,-0.4,0.459,2,16.5,0.2,15.4,1,0,21,1,0,0,7171944.32644195,0.215389083844883
"305","Kendrick Nunn","nunnke01",1416852,924,160,205,11,2.7,13.6,2.5,0.1,-1.9,0,0.525,1.2,10.2,0.1,23.7,1,0,24,1,0,0,12032403.805906,-0.906359285005899
"306","David Nwaba","nwabada01",1678854,104,45,8,12,1.1,14.1,0.8,0.1,1.1,0.2,0.606,3.2,8.8,0.4,14.2,1,0,27,1,0,0,3608656.37592414,0.397991428266163
"307","Semi Ojeleye","ojelese01",1618520,179,111,31,5,0.7,7.9,1.7,0.1,-1.2,0.2,0.522,2.9,6.5,0.2,8.8,1,0,25,1,0,0,2401858.05984189,0.573866100215337
"308","Jahlil Okafor","okafoja01",1702486,214,119,36,19,-0.2,17.8,1.1,0.1,-0.1,0.2,0.615,11.4,17.5,0.4,19.8,0,0,24,1,0,0,5749727.2844521,0.0765938302348584
"309","Elie Okobo","okoboel01",1416852,215,87,110,4,-0.5,10.8,0.9,0.1,-1.8,0,0.467,2.5,15.3,0.4,14.9,1,0,22,1,0,0,7137356.36355508,-0.165494153712125
"310","Josh Okogie","okogijo01",2530680,511,255,92,26,0.8,11.6,2,0.1,-2.4,-0.1,0.479,5.7,15.3,0.5,15.1,1,0,21,1,0,0,8222489.46643531,-0.20467062822747
"311","KZ Okpala","okpalkz01",898310,7,5,1,1,-0.1,13.7,0.1,0.1,2.7,0,0.6,4.5,14.5,0.4,11.7,1,0,20,1,0,0,95767.557419016,0.842029035203049
"312","Victor Oladipo","oladivi01",21000000,120,27,24,1,0.3,9.1,-0.2,0,-5.6,-0.2,0.457,2.3,13.5,0.3,27,0,0,27,1,0,0,13245164.9957242,1.10884561907176
"313","Kelly Olynyk","olynyke01",11667885,448,253,93,18,0.9,15.1,3.2,0.1,1.6,1,0.603,4,15.1,0.3,16.9,0,0,28,0,1,0,12303566.2785996,0.203565536271804
"314","Royce O'Neale","onealro01",1618520,378,319,154,25,3.7,9.3,3.8,0.1,0.9,1.3,0.567,1.4,12.7,0.2,9.3,1,0,26,1,0,0,10736126.4282265,-0.687524908084141
"315","Miye Oni","onimi01",898310,0,2,0,0,0,-9.9,-0.1,-0.3,-17.9,0,0,0,33.3,0,12,1,0,22,1,0,0,17460896.9413227,-1.78618223597525
"316","Kyle O'Quinn","oquinky01",2028594,87,96,35,22,-0.2,18.2,0.8,0.2,1.5,0.2,0.535,13.7,18.3,0.3,16.5,0,0,29,0,1,0,5547865.77008766,0.143760304545004
"317","Cedi Osman","osmande01",2907143,670,218,146,15,0.8,10.5,1.4,0,-2.8,-0.3,0.538,2.2,12.3,0.2,16.6,1,0,24,1,0,0,8308742.81790177,-0.175456563736113
"318","Kelly Oubre","oubreke01",15625000,1046,361,85,40,3.4,14.9,3.7,0.1,-0.6,0.7,0.517,3.8,8.2,0.3,22.4,0,0,24,1,0,0,15357866.514328,0.185594248234502
"319","Jabari Parker","parkeja01",6500000,484,195,60,15,0.7,17,1.2,0.1,-0.1,0.4,0.538,6.7,12.2,0.2,24,0,0,24,1,0,0,11892436.5219738,-0.314449672118294
"320","Chandler Parsons","parsoch01",25102511,14,7,3,1,-0.2,5.6,-0.1,-0.1,-5.9,-0.1,0.389,2,14.3,0,16.1,0,0,31,0,1,0,9812446.21924732,2.08900903085932
"321","Eric Paschall","pascher01",898310,802,270,114,13,-1.7,14.2,2,0.1,-3,-0.4,0.526,5.2,11.4,0.3,21.4,1,0,23,1,0,0,10109398.2015209,-0.673533350910811
"322","Patrick Patterson","pattepa01",2331593,228,119,31,3,1.1,11.6,1.4,0.1,0.3,0.3,0.551,5.2,8.1,0.2,15.1,0,0,30,0,1,0,6466989.90127771,0.0386710381319975
"323","Justin Patton","pattoju01",1620564,9,5,2,0,-0.1,4.7,0,-0.1,-10.1,-0.1,0.45,4.8,16.7,0,22.1,1,0,22,1,0,0,9016376.1609471,-0.427011314030194
"324","Chris Paul","paulch01",38506482,1065,301,407,8,5.8,21.4,7.6,0.2,4.1,3,0.552,1.2,13,0.3,23.2,0,1,34,0,0,1,24855041.8299114,1.31728384878904
"325","Elfrid Payton","paytoel01",8000000,401,191,293,16,2.1,15.7,1.4,0.1,0,0.6,0.455,4.3,16.7,0.2,19.5,0,0,25,1,0,0,13636586.0672984,-0.410009634087406
"326","Gary Payton","paytoga02",1090781,113,77,47,7,-0.2,11.5,0.4,0,-1.5,0.1,0.47,6.3,14.3,0.1,13.4,1,0,27,1,0,0,5920111.2878365,-0.0178747780408814
"327","Theo Pinson","pinsoth01",1445697,120,51,56,3,0,5.5,-0.5,-0.1,-6.9,-0.4,0.339,2.9,16.9,0.1,22.4,1,0,24,1,0,0,12505518.271242,-0.974726472185735
"328","Mason Plumlee","plumlma01",14041096,371,270,120,30,0.9,19.7,3,0.2,2.6,1,0.617,11,18.9,0.6,18.4,0,0,29,0,1,0,11519625.0017625,0.588674330126372
"329","Jakob P√∂ltl","poeltja01",3754886,306,310,102,84,3.3,19.7,3.3,0.2,3.1,1.2,0.619,11.6,15.2,0.3,13.3,1,0,24,1,0,0,7542245.80564595,0.0357355810862668
"330","Vincent Poirier","poirivi01",2505793,39,34,7,6,-0.2,12.8,0.3,0.1,-3.8,-0.1,0.5,9.5,14.3,0.2,15.8,1,0,26,1,0,0,3863773.83438629,0.452226454341375
"331","Jordan Poole","poolejo01",1964760,475,116,129,10,-1.3,7,-1.2,0,-6.6,-1.4,0.406,0.7,11.8,0.2,21.1,1,0,20,1,0,0,7828805.87636905,-0.208626993535124
"332","Kevin Porter","porteke02",1290960,498,162,109,14,-0.5,10.8,0.3,0,-3.8,-0.6,0.505,2.1,16.7,0.2,20.5,1,0,19,1,0,0,8970247.31471247,-0.457036986223582
"333","Michael Porter","portemi01",3389400,351,195,34,19,1,19.4,2,0.2,1.4,0.5,0.57,8.8,10.3,0.2,22,1,0,21,1,0,0,8436947.57723624,-0.14071350598873
"334","Otto Porter","porteot01",27250576,121,36,20,5,0.2,14.1,0.5,0.1,0,0.1,0.529,4.1,6.8,0.2,21,0,1,26,1,0,0,7132645.41470448,2.73577711103208
"335","Bobby Portis","portibo01",15000000,620,318,90,15,-0.6,14.5,1.7,0.1,-1.1,0.3,0.507,6,10.4,0.2,21.4,0,0,24,1,0,0,12823590.1988789,0.498983078248128
"336","Kristaps Porzi≈Üƒ£is","porzikr01",27285000,937,452,80,98,2.6,19.9,4.3,0.1,1.9,1.5,0.498,5.9,8.5,0.3,26.6,0,1,24,1,0,0,20886096.0759287,0.658058250916024
"337","Dwight Powell","poweldw01",10259375,376,227,59,22,1.8,16,3.7,0.2,1.4,0.9,0.659,7.5,11.5,0.5,12.7,0,0,28,0,1,0,6090383.23716439,0.985785756896162
"338","Norman Powell","powelno01",10116576,690,159,73,16,2.1,17.1,3.9,0.2,2.2,1.3,0.593,2,10,0.3,21.5,0,0,26,1,0,0,13158458.9724298,-0.100000256553425
"339","Taurean Waller-Prince","princta02",3481986,746,361,113,24,1,9.5,0.8,0,-2.7,-0.3,0.475,2.8,14,0.1,20.4,1,0,25,1,0,0,14434861.2020412,-1.0381019978512
"340","Julius Randle","randlju01",18000000,1165,586,192,21,1.7,17.4,2.4,0.1,-0.3,0.9,0.492,7.5,14.3,0.4,27.6,0,0,25,1,0,0,23333241.1715363,-0.754818024000698
"341","Cam Reddish","reddica01",4245720,540,200,82,26,-0.6,8.4,-0.5,0,-4.4,-0.9,0.459,2.4,13.6,0.2,18.9,1,0,20,1,0,0,8236495.86674751,-0.014229274794596
"342","J.J. Redick","redicjj01",13486300,805,140,108,9,1.4,15.2,3.6,0.1,0.4,0.9,0.59,0.7,9.4,0.3,19.9,0,0,35,0,0,1,13720244.5137219,0.193319329062433
"343","Naz Reid","reidna01",898310,232,112,28,20,0.7,16.3,0.8,0.1,-1.4,0.1,0.477,7,7.6,0.2,24,1,0,20,1,0,0,8469892.83489521,-0.425394313852032
"344","Josh Richardson","richajo01",10100000,655,161,147,32,2.6,12.2,1.9,0.1,-1.7,0.1,0.49,2.8,12.6,0.2,21.1,0,0,26,1,0,0,11965035.4440007,0.0787632018088059
"345","Austin Rivers","riverau01",2174318,484,135,91,9,0.6,10.5,2.2,0.1,-2.1,0,0.517,1.9,6.9,0.2,14.9,0,0,27,1,0,0,6714642.2260344,-0.0164696448825236
"346","Duncan Robinson","robindu01",1416852,804,196,83,13,4,12.5,4.4,0.1,0.2,1,0.665,0.5,8.6,0.1,15.8,1,0,25,1,0,0,8701552.22282439,-0.402235101434212
"347","Glenn Robinson","robingl02",1882867,691,251,93,15,0.1,13.2,2.6,0.1,-1.9,0,0.55,4.7,7.9,0.1,16.4,0,0,26,1,0,0,7858970.87444506,-0.222387244501625
"348","Jerome Robinson","robinje01",3567720,187,99,59,13,-0.3,5.6,-0.1,0,-4.9,-0.5,0.419,1.3,12.9,0.1,14.6,1,0,22,1,0,0,6659313.28388517,0.148352744505763
"349","Mitchell Robinson","robinmi01",1559712,539,404,36,111,2.9,23.2,6.2,0.2,2.9,1.6,0.742,13.7,8.3,0.4,13.3,1,0,21,1,0,0,4854033.71365986,0.196126621589893
"350","Isaiah Roby","robyis01",1500000,0,2,0,0,0,-7.7,0,-0.2,-15.5,0,0,0,50,0,8,1,0,21,1,0,0,18917114.9808507,-1.93902421143998
"351","Rajon Rondo","rondora01",2564753,330,137,227,2,0.1,12.9,1.5,0.1,-0.9,0.3,0.48,2.6,20.8,0.1,18.7,0,0,33,0,0,1,14763358.5155959,-1.19080511164374
"352","Derrick Rose","rosede01",7317073,904,121,278,16,1.9,21.1,2.6,0.1,2.2,1.4,0.52,2.3,13.4,0.2,31.6,0,0,31,0,1,0,21472183.8332867,-1.67260453902037
"353","Terrence Ross","rosste01",12500000,874,194,69,19,1.4,14,2.5,0.1,-0.6,0.6,0.511,0.8,6.8,0.2,22.8,0,0,28,0,1,0,14375051.4775988,-0.0165254333885672
"354","Terry Rozier","roziete01",19894737,1070,269,250,10,0.7,14.3,2.6,0.1,-0.8,0.6,0.514,2.4,12.1,0.2,23.7,0,0,25,1,0,0,15946179.1494083,0.575950598525065
"355","Ricky Rubio","rubiori01",16190476,685,242,475,9,3.5,15.7,3.5,0.1,0.5,1,0.466,2.5,18.1,0.3,20.2,0,0,29,0,1,0,17863121.2973645,-0.130085408910525
"356","D'Angelo Russell","russeda01",27285000,987,160,272,12,1.5,19.2,2,0.1,2,1.4,0.519,1.2,13.6,0.2,31.5,0,1,23,1,0,0,20510194.0327964,0.714951002175052
"357","Domantas Sabonis","sabondo01",3529555,1075,733,293,30,3.3,20.6,7.1,0.2,3.1,2.6,0.55,9.7,14.8,0.3,23.4,1,0,23,1,0,0,25775156.4487672,-2.74911403943141
"358","JaKarr Sampson","sampsja02",1737145,90,49,5,9,0.1,10.9,0.6,0.1,-2.4,0,0.605,4.9,7.2,0.2,12.5,0,0,26,1,0,0,945723.282192109,0.807570984830532
"359","Dario ≈†ariƒá","saricda01",3481986,527,321,106,13,0.9,12.6,2.3,0.1,-1.2,0.3,0.539,6.7,12.3,0.2,17.2,1,0,25,1,0,0,10468544.1086168,-0.4378001481185
"360","Tom√°≈° Satoransk√Ω","satorto01",10000000,629,236,340,7,3.7,13.9,3.6,0.1,-1.1,0.4,0.488,4.3,17.7,0.2,16.7,1,0,28,0,1,0,12846505.8041354,-0.0658750810124888
"361","Admiral Schofield","schofad01",898310,83,34,14,3,-0.4,6.8,0.1,0,-5.3,-0.2,0.493,2.2,8,0.2,12.5,1,0,22,1,0,0,2344064.68092226,0.501749402940348
"362","Dennis Schr√∂der","schrode01",15500000,1156,226,247,14,3.7,16.8,3.4,0.1,-0.1,0.9,0.532,1.1,13.2,0.2,27.2,0,0,26,1,0,0,18571989.9527504,-0.31489788487068
"363","Mike Scott","scottmi01",4767000,345,210,42,5,0.5,10.1,2,0.1,-2.1,0,0.522,5.7,6.7,0.1,13.8,0,0,31,0,1,0,6854419.93645469,0.253476096531124
"364","Thabo Sefolosha","sefolth01",2564753,92,93,25,12,0.4,9.9,0.7,0.1,-0.7,0.1,0.489,5,13.7,0.1,10.4,0,0,35,0,0,1,6734350.20577146,0.0243848054452088
"365","Collin Sexton","sextoco01",4764960,1272,194,178,7,-1.4,16.4,2.5,0.1,-1.7,0.1,0.517,3.1,11.6,0.2,27.2,1,0,21,1,0,0,13705854.8675136,-0.783717208708466
"366","Landry Shamet","shamela01",1995120,444,88,81,9,1,9.3,2.7,0.1,-1.5,0.2,0.566,0.5,8.7,0.2,13.3,1,0,22,1,0,0,4331176.13303548,0.324147813774381
"367","Pascal Siakam","siakapa01",2351839,1203,380,178,49,3.7,18.6,4.8,0.1,2.1,1.9,0.517,3.3,10.5,0.3,28.5,1,0,25,1,0,0,23101317.0110168,-2.47666017358878
"368","Ben Simmons","simmobe01",8113930,902,423,442,32,4.9,20.8,7,0.2,3.8,2.8,0.587,6.2,20.6,0.5,20.9,1,0,23,1,0,0,21521461.5761439,-1.59059323066286
"369","Anfernee Simons","simonan01",2149560,557,145,94,10,-2.3,9.3,0.3,0,-4.3,-0.8,0.472,1.9,9.7,0.2,19,1,0,20,1,0,0,6635586.96305526,-0.00728441380985811
"370","Alen Smailagiƒá","smailal01",898310,59,27,13,4,0.1,14.5,0.2,0.1,-2.2,0,0.538,7.5,18.5,0.5,18.2,1,0,19,1,0,0,4559773.92166431,0.16640194474231
"371","Marcus Smart","smartma01",12553471,650,186,247,26,4.2,14,3.9,0.1,1.6,1.4,0.481,2.5,11.5,0.2,19.3,0,0,25,1,0,0,14566217.420021,-0.0394547713978182
"372","Dennis Smith","smithde03",4463640,187,78,98,8,-0.6,7.5,-0.9,-0.1,-6.2,-0.6,0.379,4.1,19.8,0.3,23.1,1,0,22,1,0,0,11809871.8202689,-0.530591890317407
"373","Ish Smith","smithis01",5853659,627,189,285,24,0,13.8,1.7,0.1,-1.4,0.2,0.498,1.9,11.2,0.1,18.3,0,0,31,0,1,0,12418403.621265,-0.466624620235136
"374","Zhaire Smith","smithzh01",3058800,8,2,2,0,-0.1,1.1,-0.1,-0.1,-10.2,-0.1,0.273,0,13.6,0.4,19.9,1,0,20,1,0,0,11560850.0888749,-0.650635059360114
"375","Tony Snell","snellto01",11392857,453,104,119,14,0.2,9.9,2.6,0.1,-1.5,0.2,0.579,0.6,7.3,0.1,11.4,0,0,28,0,1,0,4573847.50870138,1.34257841238801
"376","Omari Spellman","spellom01",1897800,370,219,47,24,-0.8,14.4,1.2,0.1,-1.9,0,0.503,9.1,13.9,0.3,18.8,1,0,22,1,0,0,7997735.33372174,-0.241712589907141
"377","Edmond Sumner","sumneed01",2000000,92,29,31,6,0,10,0.3,0,-3.2,-0.1,0.468,3.2,13.9,0.1,17.4,1,0,24,1,0,0,7101063.17963193,-0.0945265049507521
"378","Caleb Swanigan","swanica01",2033160,65,92,25,7,-0.6,7.7,0,0,-6.2,-0.3,0.596,9.9,40.4,0.4,13.5,1,0,22,1,0,0,6297927.74350576,0.0307511319417083
"379","Jayson Tatum","tatumja01",7830000,1323,400,166,52,6.9,20.6,6.1,0.2,4,2.9,0.523,3,9.7,0.3,28.6,1,0,21,1,0,0,24878962.4890574,-2.130629874618
"380","Jeff Teague","teaguje01",19000000,600,134,294,18,-0.4,14.4,2.3,0.1,-1.7,0.1,0.48,1.9,16.8,0.4,19.5,0,0,31,0,1,0,13447589.9483054,0.853652661345424
"381","Garrett Temple","templga01",4767000,564,190,141,26,1,10.3,2.1,0.1,-1,0.4,0.485,1.9,9.3,0.1,16.6,0,0,33,0,0,1,12349369.9630638,-0.578184254233802
"382","Daniel Theis","theisda01",5000000,496,360,86,72,2.6,17.9,5.4,0.2,2,1.3,0.599,10.2,10.1,0.3,14.7,1,0,27,1,0,0,9963617.15495008,-0.190939943919038
"383","Isaiah Thomas","thomais02",2320044,488,68,146,6,-2,11.6,0,0,-4.4,-0.6,0.5,1.3,14.4,0.2,24.1,0,0,30,0,1,0,12011740.8540635,-0.801823378120357
"384","Khyri Thomas","thomakh01",838464,7,0,2,0,0,1.6,-0.1,-0.1,-8.1,-0.1,0.441,1.8,13.8,0.2,15.6,1,0,23,1,0,0,6360394.20831716,-0.112841213415086
"385","Matt Thomas","thomama02",898310,140,44,17,0,0.5,13.6,0.9,0.1,1.5,0.3,0.644,2.4,9.4,0.1,17,1,0,25,1,0,0,4627350.41982006,0.156174245875619
"386","Tristan Thompson","thomptr01",18539130,673,561,115,48,1.4,17.1,3.1,0.1,-1.5,0.2,0.52,14.5,14,0.3,18.3,0,0,28,0,1,0,13476779.2784683,0.797489306858969
"387","Matisse Thybulle","thybuma01",2582160,253,85,66,40,2.2,9.5,1.8,0.1,0,0.5,0.517,3.5,15.1,0.2,11.6,1,0,22,1,0,0,5287864.338494,0.245264775813336
"388","Anthony Tolliver","tollian01",2419852,152,126,33,11,-0.6,6.8,0.3,0,-3.8,-0.3,0.474,4.3,15.3,0.2,11.4,0,0,34,0,0,1,7477666.75835854,-0.104385300480029
"389","Karl-Anthony Towns","townska01",27250000,926,378,153,42,5.7,26.5,5.1,0.2,7.8,2.9,0.6,8.1,13.2,0.4,28.8,0,1,24,1,0,0,22805241.0766152,0.363666043142559
"390","Gary Trent","trentga02",1416852,383,85,48,12,1.4,12.1,1.6,0.1,-0.8,0.3,0.537,2,4.9,0.1,15.4,1,0,21,1,0,0,4436808.07918995,0.243233664112755
"391","Allonzo Trier","trieral01",3551100,150,28,25,4,-0.6,14.3,0.5,0.1,-0.8,0.1,0.571,2.1,15,0.4,21.4,1,0,24,1,0,0,8645844.57932671,-0.154174705648458
"392","P.J. Tucker","tuckepj01",8349039,443,418,97,29,3.3,8.8,3.9,0.1,-1.4,0.3,0.56,4.8,14.6,0.1,8.6,0,0,34,0,0,1,10838949.8248368,0.0526018329936342
"393","Evan Turner","turneev01",18606557,62,38,38,8,-0.3,6.8,-0.3,-0.1,-5.6,-0.2,0.373,3.4,26.2,0.2,16.4,0,0,31,0,1,0,12755083.3492266,0.9142885087904
"394","Myles Turner","turnemy01",18000000,604,331,59,109,0.8,14.4,3.3,0.1,0,0.8,0.525,4.8,10.5,0.3,17.5,0,0,23,1,0,0,12165659.5964232,0.935394765010907
"395","Jonas Valanƒçi≈´nas","valanjo01",16000000,854,652,106,65,3.1,21.8,5.6,0.2,1.9,1.5,0.608,12.5,12.8,0.3,21.4,0,0,27,1,0,0,18849448.1571326,-0.300752178769635
"396","Denzel Valentine","valende01",3377569,209,66,36,6,1.2,13.1,0.4,0.1,-0.3,0.2,0.506,1.9,9.8,0,23.3,1,0,26,1,0,0,11150159.3989845,-0.552686310165819
"397","Jarred Vanderbilt","vandeja01",1416852,12,9,2,1,-0.2,7.6,0,0,-5.9,0,0.625,7.3,44.1,0.3,14.9,1,0,20,1,0,0,7217441.35489064,-0.177615012257263
"398","Fred VanVleet","vanvlfr01",9000000,845,180,317,13,4.5,16,4.9,0.1,2.4,1.9,0.503,1.1,12.4,0.2,22,1,0,25,1,0,0,17596289.2697147,-0.897032495059105
"399","Noah Vonleh","vonleno01",2000000,127,122,27,6,0.1,15.6,1,0.1,-0.8,0.1,0.579,10.4,17,0.3,14,0,0,24,1,0,0,3325976.4147628,0.476832646240016
"400","Nikola Vuƒçeviƒá","vucevni01",28000000,989,556,188,46,3.3,21.5,5,0.1,4,2.5,0.515,7.6,7.3,0.2,25.8,0,1,29,0,1,0,24954907.5277635,0.122522639684862
"401","Moritz Wagner","wagnemo01",2063520,328,181,46,17,1.3,16.6,1.5,0.1,-1.7,0.1,0.625,7.6,17.2,0.4,18.8,1,0,22,1,0,0,6799535.73368539,-0.0417584473473552
"402","Dion Waiters","waitedi01",12100000,28,11,3,2,0,13.6,0,0,1.8,0,0.538,0,10.2,0,30.9,0,0,28,0,1,0,14576303.3258914,-0.0918960790348194
"403","Kemba Walker","walkeke02",32742000,1022,192,233,25,5.9,21,5.5,0.2,5.2,2.8,0.52,2.2,10.3,0.3,27.8,0,1,29,0,1,0,23103665.7098005,0.935130141516564
"404","Lonnie Walker","walkelo01",2760480,297,114,44,13,0.3,11.2,0.5,0,-3,-0.2,0.489,2.8,9.6,0.2,18.2,1,0,21,1,0,0,6787908.32152303,0.0382546194563238
"405","Derrick Walton","waltode01",1445697,53,16,27,0,0.1,8.7,0.6,0.1,-1.2,0.1,0.59,0.9,10.4,0.2,8.1,1,0,24,1,0,0,319255.936035019,0.869663587620811
"406","Brad Wanamaker","wanambr01",1445697,397,120,155,11,0.6,11.9,2.6,0.1,-1.4,0.2,0.48,1.7,15.9,0.4,15.4,1,0,30,0,1,0,10849090.6371438,-0.724026250979012
"407","T.J. Warren","warretj01",10810000,1102,229,86,26,3.3,17.3,5.2,0.1,0.3,1.1,0.569,3.4,7.5,0.2,22.8,0,0,26,1,0,0,13870273.1383876,-0.12987704331902
"408","P.J. Washington","washipj01",3831840,669,302,118,42,0,12.3,1.8,0.1,-1.7,0.1,0.528,3.5,12.5,0.2,18.6,1,0,21,1,0,0,10834817.4138708,-0.453954691206229
"409","Russell Westbrook","westbru01",38178000,1405,412,359,17,1.9,21.6,4.3,0.1,1.9,1.8,0.495,5.1,14.9,0.3,34.4,0,1,31,0,1,0,28870430.9766873,0.672673652417657
"410","Coby White","whiteco01",5307120,792,217,156,6,-0.3,11.8,0.8,0,-2.8,-0.3,0.478,1.8,11.4,0.2,24.4,1,0,19,1,0,0,12197931.4490333,-0.494620463580574
"411","Derrick White","whitede01",1948080,583,184,192,48,3.2,15.4,3.1,0.1,0.7,0.9,0.52,2.2,12.2,0.4,18.2,1,0,25,1,0,0,12236004.1423606,-0.877528978448728
"412","Hassan Whiteside","whiteha01",27093018,935,824,72,178,5.1,25,7.8,0.2,3.3,2.4,0.621,13.4,13.1,0.3,19.8,0,1,30,0,1,0,23648960.6145371,0.218343521284642
"413","Andrew Wiggins","wiggian01",27504630,1144,268,191,51,0.8,16.6,2,0.1,-0.1,0.8,0.504,3.6,10.7,0.3,27.4,0,1,24,1,0,0,17554683.414063,1.18692696576342
"414","Grant Williams","willigr01",2379840,215,160,61,32,1.1,8.4,1.5,0.1,-2.6,-0.1,0.471,6.5,17.7,0.3,11.5,1,0,21,1,0,0,4965147.78053605,0.271391826882765
"415","Kenrich Williams","willike04",1416852,132,178,53,21,1.2,7.7,0.8,0,-2.3,0,0.43,6.6,12,0.2,9.2,1,0,25,1,0,0,4711195.23144935,0.201705185384395
"416","Lou Williams","willilo02",8000000,1112,181,341,10,1.5,17.4,4,0.1,0.8,1.2,0.476,1.7,14.4,0.4,28.3,0,0,33,0,0,1,22010797.3156735,-1.67744599483278
"417","Marvin Williams","willima02",15006250,309,139,52,25,0.2,11.5,1.9,0.1,-0.9,0.3,0.546,2.1,9.3,0.2,13,0,0,33,0,0,1,8083034.82124325,1.21716758234206
"418","Nigel Williams-Goss","willini01",1500000,4,5,5,1,0.1,5.7,0,0,-3.9,0,0.143,8.2,20.2,0.3,15.5,1,0,25,1,0,0,11356898.4242135,-0.794785897550963
"419","Robert Williams","williro04",1937520,90,95,21,24,0.4,19.4,1.2,0.2,4,0.4,0.677,11.4,21.5,0.4,12.3,1,0,22,1,0,0,1099072.87837377,0.806859232412179
"420","Zion Williamson","willizi01",9757440,408,116,38,6,1,24.8,1.6,0.2,2.1,0.5,0.599,10.2,12.4,0.5,29.6,1,0,19,1,0,0,10030956.1944145,0.333024034334817
"421","D.J. Wilson","wilsodj01",2961120,90,59,21,5,-0.8,8.2,0.3,0.1,-3.6,-0.1,0.465,3.8,12.5,0.1,17.7,1,0,23,1,0,0,7021503.74029729,0.0254274203557477
"422","Justise Winslow","winslju01",13000000,124,73,44,5,0.5,8.6,0,0,-3.5,-0.1,0.411,5.3,14.6,0.2,20.7,0,0,23,1,0,0,9731481.3840579,0.742417604909559
"423","Christian Wood","woodch01",1645357,726,364,54,52,4.2,22.7,4.7,0.2,2.9,1.5,0.62,8.8,12,0.5,23,0,0,24,1,0,0,14881352.6950112,-1.31189144621056
"424","Delon Wright","wrighde01",9473684,439,235,206,19,2.3,15.8,3.9,0.1,2,1.3,0.529,5,13.9,0.2,14.8,0,0,27,1,0,0,11986794.9949863,0.00514840180365386
"425","Thaddeus Young","youngth01",12900000,628,299,111,22,0.6,13.3,1.8,0.1,-1.2,0.3,0.513,6.2,13.9,0.1,19.7,0,0,31,0,1,0,14036918.9519386,0.0795620944133384
"426","Trae Young","youngtr01",6273000,1689,244,529,8,6.9,24.1,5.7,0.1,4.2,3.1,0.519,1.6,16.2,0.4,34.9,1,0,21,1,0,0,28167438.31699,-2.80315730005416
"427","Cody Zeller","zelleco01",14471910,605,388,82,24,0.5,18.4,3.3,0.1,-1,0.3,0.543,12.6,11.9,0.4,20.8,0,0,27,1,0,0,11612002.5814432,0.623063913366668
"428","Ante ≈Ωi≈æiƒá","zizican01",2281800,96,66,6,5,0.2,17,0.5,0.1,-3,-0.1,0.569,9,11.1,0.3,17.5,1,0,23,1,0,0,2803876.48608026,0.587492372395089
"429","Ivica Zubac","zubaciv01",6481482,502,442,68,58,3.4,21,5.4,0.2,2.5,1.3,0.601,15.2,11.8,0.4,16.2,1,0,22,1,0,0,9279469.97072959,0.0789434921766567
